t,t_end,frames_read,frame,fps,shown_fps,slice_ms,3d_a,3d_b,loads,load_ms,refills,evictions,pinned,rom_writes,read_errors,profile,gems,cache_kb,heap_kb,stall_d_pct,stall_i_pct,pvr_rnd_ms,pvr_reg_ms,vbl,g_aot,g_gem,g_hok,g_960,g_cop,g_geo,g_drw,g_til,g_snd,g_dsc,g_kos,g_lib,g_bio,g_oth,top1,top1_pct,top2,top2_pct,top3,top3_pct,top4,top4_pct,top5,top5_pct,top6,top6_pct,i960_ms,cop_ms,blk_pct,aot_pct,steps,tiles_ms,scan_ms,sort_ms,meshes,mesh_builds,mesh_hits,mesh_cl_a,mesh_cl_b,arena_kb,tris,runs,full,tex,tex_new,tex_drop,tex_fail,snd,codes,unknown,bgm,ring_kb,underruns,edge,unparsed
0.0,0.4,3,777,19.1,19.1,23,23,3,0,0,464,339,0,0,0,sfight_console,True,1280,704,30,13,15.4,3.1,122,0,10,0,26,4,33,17,0,1,0,1,1,2,0,geo3d_decode_mod,27,emu_slice_body,12,ib_run,10,dp_frame,4,dp_face_colour,4,geo3d_dc_verts,4,23,4,10,0,107540,2,20,0,88,0,1131,0,0,649,2340,2,0,25,0,0,0,on,5,0,16,116,1,heap_kb vbl,
0.5,2.3,17,815,18.0,18.0,23,26,3,9,73,454,348,0,0,0,sfight_console,True,1280,704,30,12,14.1,2.3,128,0,9,0,25,4,30,18,0,1,0,2,1,5,0,geo3d_decode_mod,25,emu_slice_body,11,ib_run,10,dp_frame,4,dp_face_colour,4,geo3d_dc_verts,3,23,6,10,0,107678,2,23,0,102,0,1095,0,0,739,1597,3,0,31,6,0,0,on,5,0,16,110,1,heap_kb vbl,
2.4,4.6,21,850,17.2,17.2,27,25,2,8,66,360,356,0,0,0,sfight_console,True,1280,704,30,13,14.5,2.3,121,0,9,0,26,3,32,14,0,1,0,2,1,6,0,geo3d_decode_mod,27,emu_slice_body,11,ib_run,11,dp_frame,4,dp_face_colour,3,geo3d_dc_verts,3,27,4,10,0,107556,2,22,0,102,0,1260,0,0,739,1641,3,0,31,0,0,0,on,5,0,16,120,1,heap_kb vbl,
4.7,6.6,18,881,15.0,15.0,28,32,2,41,332,366,397,0,0,0,sfight_console,True,1280,704,34,11,14.3,2.3,124,0,8,0,22,3,29,12,0,1,1,2,1,17,0,geo3d_decode_mod,24,emu_slice_body,10,ib_run,9,dp_frame,3,geo3d_dc_verts,3,dp_face_colour,2,28,4,10,0,107652,2,29,0,6,0,1052,0,1,430,1660,3,0,31,0,0,0,on,5,0,16,112,1,heap_kb vbl,
6.7,8.5,17,895,7.0,7.0,61,71,2,144,1173,273,541,0,0,0,sfight_console,True,1280,704,50,5,14.3,2.1,120,0,3,0,10,1,12,6,0,1,1,2,1,59,0,geo3d_decode_mod,11,emu_slice_body,5,ib_run,3,dp_frame,1,dp_face_colour,1,geo3d_dc_verts,1,61,3,10,0,107566,2,68,0,6,0,280,0,3,417,1568,3,0,32,1,0,0,on,5,0,16,124,1,heap_kb,
8.6,10.7,20,911,7.9,7.9,55,62,2,135,1105,294,676,0,0,0,sfight_console,True,1280,704,48,5,14.4,2.4,122,0,4,0,10,1,13,7,0,1,1,2,1,54,0,geo3d_decode_mod,11,emu_slice_body,5,ib_run,4,dp_face_colour,2,geo3d_dc_verts,1,dp_frame,1,55,3,10,0,107471,2,59,0,18,0,323,0,4,973,1767,3,0,33,1,0,0,on,5,0,16,125,1,heap_kb,
10.8,12.7,18,937,12.2,12.2,42,30,2,80,664,1377,756,0,0,0,sfight_console,True,1280,704,38,7,12.9,2.8,127,0,5,0,21,2,12,15,1,1,1,2,1,34,0,geo3d_decode_mod,10,ib_run,9,emu_slice_body,8,dp_frame,3,dp_ls_draw,2,dp_tiles_convert,2,42,3,18,0,112693,8,21,0,65,0,702,0,5,268,1155,3,0,37,4,0,0,on,9,1,6,124,3,heap_kb,
12.8,14.7,18,960,11.4,11.4,39,40,3,96,821,1625,852,0,0,0,sfight_console,True,1280,704,40,8,12.9,4.3,122,0,4,0,16,2,11,15,0,1,2,2,1,41,0,geo3d_decode_mod,9,emu_slice_body,7,ib_run,6,dp_tiles_convert,4,dp_frame,2,dc_rom_at,1,39,3,11,0,107873,7,33,0,179,68,755,0,5,757,1158,3,0,43,6,0,0,on,12,4,6,125,3,heap_kb,
14.8,16.7,18,983,11.3,11.3,39,41,3,95,813,1602,947,0,0,0,sfight_console,True,1280,704,40,8,13.0,3.0,122,0,4,0,16,2,10,17,0,1,2,2,1,39,0,geo3d_decode_mod,9,emu_slice_body,7,ib_run,6,dp_tiles_convert,5,dp_frame,3,dp_tri_out,1,39,3,12,0,108299,8,32,0,125,35,724,0,6,587,1247,3,0,48,5,0,0,on,16,8,6,112,3,heap_kb,
16.8,18.8,19,1022,19.3,19.3,25,20,3,40,341,2610,987,0,0,0,sfight_console,True,1280,704,33,13,13.3,4.7,121,0,8,0,23,3,17,20,0,1,2,2,2,18,0,geo3d_decode_mod,14,emu_slice_body,11,ib_run,9,dp_frame,4,dp_tri_put,3,dp_tri_out,3,25,3,8,0,106536,2,17,0,159,34,1542,0,6,747,1020,3,0,55,7,0,0,on,17,8,6,124,3,heap_kb vbl,
18.9,20.9,19,1055,16.0,16.0,19,36,2,0,0,2178,987,0,0,0,sfight_console,True,1280,704,23,10,9.4,2.5,123,0,7,0,19,2,11,27,23,1,0,2,1,2,0,s24_draw_line,23,geo3d_decode_mod,9,emu_slice_bod,,dp_tiles_convert,8,ib_run,7,dp_frame,7,19,3,8,0,106520,25,10,0,159,0,1386,0,6,747,693,3,0,55,0,0,0,on,17,8,6,116,3,heap_kb top3,
21.0,22.9,18,1073,8.7,8.7,49,58,2,25,210,894,1012,0,0,0,sfight_console,True,1280,704,25,5,9.0,0.0,124,0,3,0,27,0,4,21,26,1,0,2,1,11,0,s24_draw_line,25,emu_slice_body,11,ib_run,11,dp_tiles_convert,10,dp_frame,6,geo3d_decode_mod,3,49,2,33,0,124178,50,8,0,159,0,588,0,6,747,0,0,0,55,0,0,0,on,18,8,1,116,3,heap_kb top6_pct,
23.0,26.0,29,1090,8.3,8.3,72,45,0,24,190,26,1036,0,0,0,sfight_console,True,1280,704,24,3,8.7,0.0,122,0,1,28,16,0,0,15,25,0,0,1,1,9,0,s24_draw_line,21,sfight_hook_tex_,18,dp_tiles_con,,mem_write16_slow,7,dp_frame,6,sfight_hook_tex_,5,72,0,5,0,264508,45,0,0,159,0,0,0,6,747,0,0,0,44,0,11,0,on,18,8,1,116,3,heap_kb top3,
26.1,27.6,14,1136,17.9,17.1,25,27,0,45,371,170,1081,0,0,0,sfight_console,True,1280,704,25,3,11.6,5.6,155,0,1,15,15,0,0,23,21,0,0,6,1,13,0,s24_draw_line,16,sfight_hook_tex_,9,dp_tex_get,8,dp_tiles_convert,6,dp_frame,6,mem_write16_slow,5,25,0,2,0,153407,17,9,0,180,0,75,0,6,861,3250,6,0,53,23,14,,on,18,8,1,116,3,heap_kb,
27.7,29.7,19,1147,5.3,5.3,86,82,5,67,547,1356,1148,0,0,0,sfight_console,True,1280,704,37,7,12.0,5.5,124,0,4,0,17,1,12,20,6,1,1,2,1,30,0,geo3d_decode_mod,9,ib_run,7,emu_slice_body,6,s24_draw_line,5,dp_face_colour,4,dp_frame,4,86,6,30,0,120909,23,57,0,102,1,1112,0,7,471,3194,6,0,58,5,0,0,on,24,9,8,115,3,heap_kb,
29.8,31.7,18,1165,8.7,8.7,45,61,5,26,215,2326,1174,0,0,0,sfight_console,True,1280,704,30,12,11.9,5.3,124,0,7,0,18,3,20,23,8,1,1,2,1,10,0,geo3d_decode_mod,15,s24_draw_line,8,emu_slice_bod,,ib_run,8,dp_face_colour,7,dp_frame,5,45,6,15,0,108945,19,41,0,126,0,1866,0,7,608,3098,6,0,58,0,0,0,on,24,9,8,19,3,heap_kb vbl top3,
31.8,33.8,19,1187,10.6,10.6,37,50,5,2,16,2818,1176,0,0,0,sfight_console,True,1280,704,27,14,11.6,4.8,125,0,9,0,23,3,22,27,7,0,1,2,1,0,0,geo3d_decode_mod,18,emu_slice_body,11,dp_face_col,,ib_run,9,s24_draw_line,7,dp_frame,5,37,7,15,0,108820,13,35,0,139,0,2297,0,7,649,2654,6,0,58,0,0,0,on,24,9,8,0,3,heap_kb vbl top3,
33.9,35.8,18,1212,12.1,12.1,36,39,4,3,24,3200,1179,0,0,0,sfight_console,True,1280,704,28,16,11.3,4.7,123,0,10,0,26,4,25,23,1,0,1,2,1,1,0,geo3d_decode_mod,19,emu_slice_body,12,ib_run,10,dp_face_colour,9,dp_frame,5,cop_write_word,3,36,7,15,0,109041,4,34,0,147,0,2601,0,7,665,2500,5,0,58,0,0,0,on,25,9,8,0,3,heap_kb vbl,
35.9,37.9,19,1235,11.1,11.1,43,39,5,26,216,2976,1205,0,0,0,sfight_console,True,1280,704,32,15,11.8,5.6,124,0,9,0,24,4,24,21,0,0,1,2,1,10,0,geo3d_decode_mod,19,emu_slice_body,11,ib_run,10,dp_face_colour,9,dp_frame,4,cop_write_word,2,43,6,15,0,109055,1,37,0,150,1,2409,0,7,701,2904,5,0,58,0,0,0,on,25,9,8,0,3,heap_kb vbl,
38.0,40.1,20,1261,12.5,12.5,36,36,5,1,8,3328,1206,0,0,0,sfight_console,True,1280,704,29,17,12.1,5.1,124,0,11,0,26,4,26,23,0,0,1,2,1,0,0,geo3d_decode_mod,21,emu_slice_body,13,ib_run,10,dp_face_colour,9,dp_frame,4,cop_write_word,3,36,7,15,0,109193,1,34,0,151,0,2703,0,7,702,2803,5,0,60,2,0,0,on,26,9,8,0,3,heap_kb vbl,
40.2,42.1,18,1283,10.3,10.3,38,50,5,2,16,2818,1208,0,0,0,sfight_console,True,1280,704,27,14,12.1,5.2,128,0,8,0,24,3,22,26,8,0,1,2,1,0,0,geo3d_decode_mod,17,emu_slice_body,10,ib_run,9,s24_draw_line,8,dp_face_colour,8,dp_frame,5,38,6,16,0,109752,15,33,0,151,0,2288,0,7,702,2856,5,0,60,0,0,0,on,27,10,8,0,3,heap_kb vbl,
42.2,44.1,18,1299,7.8,7.8,45,74,5,12,98,2067,1220,0,0,0,sfight_console,True,1280,704,27,11,12.0,5.2,122,0,6,0,18,3,16,28,17,0,0,2,1,4,0,s24_draw_line,16,geo3d_decode_mod,13,dp_tiles_con,,emu_slice_body,8,ib_run,7,dp_frame,6,45,6,16,0,109860,39,34,0,151,0,1664,0,7,702,2860,5,0,60,0,0,0,on,27,10,8,0,3,heap_kb vbl top3,
44.2,46.1,18,1323,11.8,11.8,37,40,5,7,59,3123,1227,0,0,0,sfight_console,True,1280,704,29,16,12.3,5.3,122,0,10,0,25,4,26,24,1,0,1,2,1,3,0,geo3d_decode_mod,20,emu_slice_body,11,ib_run,10,dp_face_colour,9,dp_frame,4,dp_tri_put,2,37,6,14,0,108845,3,36,0,154,3,2503,0,7,717,2869,5,0,61,1,0,0,on,27,10,8,0,3,heap_kb vbl,
46.2,48.3,20,1347,11.9,11.9,37,39,5,6,50,3124,1233,0,0,0,sfight_console,True,1280,704,29,16,12.3,5.3,121,0,10,0,24,4,26,24,1,0,1,2,2,2,0,geo3d_decode_mod,20,emu_slice_body,11,ib_run,10,dp_face_colour,9,dp_frame,5,dp_tri_put,3,37,6,14,0,109040,3,35,0,157,0,2513,0,7,727,2862,5,0,61,0,0,0,on,27,10,8,0,3,heap_kb vbl,
48.4,50.3,18,1370,11.0,11.0,35,48,5,0,0,2990,1233,0,0,0,sfight_console,True,1280,704,27,14,12.1,5.2,125,0,9,0,23,3,23,26,7,0,1,1,1,0,0,geo3d_decode_mod,18,emu_slice_body,11,ib_run,9,dp_face_colour,8,s24_draw_line,7,dp_frame,5,35,6,14,0,108980,13,34,0,157,0,2392,0,7,727,2861,5,0,61,0,0,0,on,27,10,8,0,3,heap_kb vbl,
50.4,52.3,18,1390,9.8,9.8,35,59,5,0,0,2598,1233,0,0,0,sfight_console,True,1280,704,26,13,12.0,5.2,123,0,8,0,20,3,21,28,12,0,1,2,1,0,0,geo3d_decode_mod,16,s24_draw_line,12,emu_slice_bd,,ib_run,8,dp_face_colour,7,dp_frame,6,35,8,14,0,108754,24,34,0,157,0,2080,0,7,727,2873,5,0,61,0,0,0,on,27,10,8,0,3,heap_kb vbl top3,
52.4,54.3,18,1408,9.0,9.0,52,44,5,13,110,3082,1246,0,0,0,sfight_console,True,1280,704,30,15,11.5,5.1,121,0,8,0,27,3,19,20,4,1,1,2,1,10,0,geo3d_decode_mod,15,emu_slice_body,10,ib_run,7,dp_face_colour,7,ib_build,6,dp_frame,4,52,8,14,0,109026,9,34,0,157,0,1872,0,7,727,2793,5,0,61,0,0,0,on,29,10,5,124,4,heap_kb vbl,
54.4,56.5,20,1429,10.2,10.2,50,37,4,2,17,3992,1248,0,0,0,sfight_console,True,1280,704,28,17,11.5,4.9,123,0,9,0,33,4,21,20,0,1,1,2,1,3,0,geo3d_decode_mod,16,emu_slice_body,13,ib_run,9,dp_face_colour,8,ib_build,7,dp_frame,4,50,7,15,0,109462,2,34,1,157,0,2176,0,7,727,2642,5,0,61,0,0,0,on,29,10,5,125,4,heap_kb vbl,
56.6,58.7,20,1446,8.1,8.1,66,46,4,43,360,3228,1291,0,0,0,sfight_console,True,1280,704,33,14,11.6,4.6,125,0,7,0,29,2,17,16,0,1,1,2,1,18,0,geo3d_decode_mod,14,emu_slice_body,12,ib_build,8,ib_run,6,dp_face_colour,6,dp_frame,3,66,6,16,0,109551,2,42,0,185,0,1819,0,7,832,2532,6,0,65,4,0,0,on,33,10,5,112,4,heap_kb vbl,
58.8,60.6,17,1461,7.2,7.2,75,51,4,61,517,2842,1352,0,0,0,sfight_console,True,1280,704,36,13,12.4,5.3,125,0,6,0,27,3,14,14,0,1,1,2,1,26,0,geo3d_decode_mod,12,emu_slice_body,10,ib_build,8,ib_run,6,dp_face_colour,5,dp_frame,2,75,6,16,0,109574,1,48,0,137,1,1569,0,8,631,2892,5,0,65,0,0,0,on,34,10,5,115,4,heap_kb vbl,
60.7,62.7,19,1477,7.7,7.7,74,43,4,57,488,3035,1409,0,0,0,sfight_console,True,1280,704,36,14,12.1,4.2,124,0,7,0,27,2,15,14,0,1,1,2,1,25,0,geo3d_decode_mod,12,emu_slice_body,11,ib_build,7,ib_run,7,dp_face_colour,5,dp_frame,2,74,6,15,0,108972,1,40,0,163,0,1648,0,8,741,2183,5,0,65,0,0,0,on,34,10,5,116,4,heap_kb vbl,
62.8,64.8,19,1499,10.5,10.5,53,32,4,4,34,4058,1413,0,0,0,sfight_console,True,1280,704,28,18,11.7,4.4,125,0,10,0,39,3,18,16,0,1,1,2,1,4,0,geo3d_decode_mod,15,emu_slice_body,15,ib_build,11,ib_run,9,dp_face_colour,5,dp_frame,3,53,6,15,0,109085,1,29,0,175,0,2370,0,8,774,2445,5,0,65,0,0,0,on,36,10,5,124,4,heap_kb vbl top3_pct,
64.9,66.8,18,1519,9.6,9.6,58,36,5,10,81,3692,1423,0,0,0,sfight_console,True,1280,704,29,17,11.9,5.2,126,0,8,0,36,3,19,18,0,1,1,2,1,6,0,geo3d_decode_mod,16,emu_slice_body,14,ib_build,10,ib_run,8,dp_face_colour,7,dp_frame,4,58,6,15,0,109306,2,33,0,181,0,2131,0,8,788,2979,5,0,65,0,0,0,on,36,10,5,125,4,heap_kb vbl top3_pct,
66.9,68.9,19,1535,7.9,7.9,70,45,5,43,363,3049,1466,0,0,0,sfight_console,True,1280,704,34,14,12.1,5.6,122,0,6,0,29,3,16,16,0,1,1,2,1,19,0,geo3d_decode_mod,13,emu_slice_body,11,ib_build,8,ib_run,7,dp_face_colour,7,dp_frame,3,70,6,15,0,109331,2,42,0,111,0,1720,0,9,488,3010,5,0,66,1,0,0,on,39,10,5,112,4,heap_kb vbl,
69.0,71.1,20,1550,7.2,7.2,75,50,6,62,518,2887,1528,0,0,0,sfight_console,True,1280,704,36,13,12.0,5.8,125,0,6,0,25,2,16,14,0,1,1,2,1,26,0,geo3d_decode_mod,13,emu_slice_body,10,ib_build,7,ib_run,6,dp_face_colour,5,dp_frame,3,75,7,15,0,109363,2,47,0,144,0,1657,0,9,681,3072,5,0,66,0,0,0,on,39,10,5,115,4,heap_kb vbl,
71.2,73.0,17,1570,9.7,9.7,49,42,6,7,57,3760,1535,0,0,0,sfight_console,True,1280,704,29,17,11.9,6.0,124,0,9,0,30,3,21,20,0,1,1,2,1,5,0,geo3d_decode_mod,17,emu_slice_body,12,ib_run,8,dp_face_colour,8,ib_build,7,dp_frame,4,49,7,15,0,109153,2,38,0,156,1,2234,0,9,740,3028,5,0,66,0,0,0,on,41,10,5,116,4,heap_kb vbl,
73.1,75.2,20,1588,8.9,8.9,62,39,5,33,288,3425,1568,0,0,0,sfight_console,True,1280,704,33,15,11.3,5.5,121,0,7,0,28,3,18,18,0,1,1,2,1,15,0,geo3d_decode_mod,15,emu_slice_body,11,ib_run,8,dp_face_colour,7,ib_build,6,dp_frame,3,62,7,15,0,109292,1,36,1,165,0,1987,0,9,761,2779,5,0,66,0,0,0,on,41,10,5,119,4,heap_kb vbl,
75.3,77.2,18,1609,10.0,10.0,51,39,5,11,91,3952,1579,0,0,0,sfight_console,True,1280,704,30,16,10.9,5.2,127,0,9,0,32,3,20,20,0,1,1,2,1,6,0,geo3d_decode_mod,16,emu_slice_body,12,ib_run,9,dp_face_colour,7,ib_build,7,dp_frame,4,51,7,15,0,109368,2,36,0,170,0,2300,0,9,806,2678,5,0,66,0,0,0,on,41,10,5,111,4,heap_kb vbl,
77.3,79.3,19,1628,9.2,9.2,59,38,5,17,142,3591,1596,0,0,0,sfight_console,True,1280,704,30,17,11.5,5.1,124,0,8,0,33,3,19,18,0,1,1,2,2,9,0,geo3d_decode_mod,15,emu_slice_body,13,ib_run,9,ib_build,8,dp_face_colour,7,dp_frame,3,59,7,16,0,109391,1,35,0,171,0,1997,0,9,833,2551,5,0,66,0,0,0,on,41,10,5,112,4,heap_kb vbl,
79.4,81.3,18,1645,8.2,8.2,67,43,5,39,330,3192,1635,0,0,0,sfight_console,True,1280,704,33,15,11.8,5.7,125,0,7,0,29,2,17,17,0,1,1,2,1,17,0,geo3d_decode_mod,14,emu_slice_body,12,ib_build,7,dp_face_colour,7,ib_run,7,dp_frame,3,66,6,15,0,109303,2,40,0,188,0,1831,0,9,882,3003,6,0,66,0,0,0,on,45,10,5,115,4,heap_kb vbl,
81.4,83.4,19,1662,8.5,8.5,58,47,5,30,253,3151,1665,0,0,0,sfight_console,True,1280,704,32,15,12.0,5.3,120,0,8,0,30,2,17,18,0,1,1,2,1,14,0,geo3d_decode_mod,14,emu_slice_body,12,ib_build,8,ib_run,8,dp_face_colour,7,dp_frame,3,58,7,16,0,109436,2,44,0,135,0,1816,0,10,586,2902,5,0,66,0,0,0,on,45,10,5,116,4,heap_kb vbl,
83.5,85.5,19,1680,8.6,8.6,65,39,5,32,262,3389,1697,0,0,0,sfight_console,True,1280,704,32,15,11.4,5.2,126,0,7,0,31,3,18,17,0,1,0,2,1,15,0,geo3d_decode_mod,14,emu_slice_body,12,ib_build,8,ib_run,8,dp_face_colour,7,dp_frame,3,65,6,16,0,109557,1,37,0,153,0,1944,0,10,671,2868,5,0,66,0,0,0,on,45,10,5,119,4,heap_kb vbl,
85.6,87.5,18,1699,9.1,9.1,56,42,5,12,105,3580,1709,0,0,0,sfight_console,True,1280,704,29,17,11.7,5.6,125,0,8,0,34,3,19,19,0,1,1,1,1,7,0,geo3d_decode_mod,15,emu_slice_body,13,ib_build,10,dp_face_colour,9,ib_run,8,dp_frame,3,56,6,15,0,109396,2,38,0,182,0,2114,0,10,732,2960,5,0,66,0,0,0,on,47,10,5,120,4,heap_kb vbl top3_pct,
87.6,89.6,19,1718,9.2,9.2,56,40,5,11,90,3582,1720,0,0,0,sfight_console,True,1280,704,29,17,11.8,5.5,123,0,8,0,34,3,19,19,0,1,1,2,1,6,0,geo3d_decode_mod,16,emu_slice_body,13,ib_build,10,dp_face_colour,8,ib_run,8,dp_frame,3,56,7,15,0,109111,2,37,0,188,0,2141,0,10,776,2864,5,0,66,0,0,0,on,48,10,5,121,4,heap_kb vbl top3_pct,
89.7,91.6,18,1736,8.8,8.8,61,41,5,25,215,3411,1745,0,0,0,sfight_console,True,1280,704,31,16,11.8,5.7,123,0,8,0,31,3,18,18,0,1,1,2,1,12,0,geo3d_decode_mod,15,emu_slice_body,12,ib_build,9,dp_face_colour,8,ib_run,8,dp_frame,3,61,7,14,0,109016,1,38,0,189,1,1991,0,10,812,2877,5,0,66,0,0,0,on,49,10,5,124,4,heap_kb vbl,
91.7,93.7,19,1756,9.8,9.8,53,38,5,0,0,3760,1745,0,0,0,sfight_console,True,1280,704,28,18,11.6,5.5,122,0,9,0,35,3,20,21,0,1,1,2,1,2,0,geo3d_decode_mod,17,emu_slice_body,14,ib_build,10,dp_face_colour,9,ib_run,8,dp_frame,4,52,6,15,0,109172,1,35,0,189,0,2200,0,10,812,2785,5,0,66,0,0,0,on,49,10,5,125,4,heap_kb vbl top3_pct,
93.8,95.8,19,1775,9.3,9.3,56,40,5,11,96,3580,1756,0,0,0,sfight_console,True,1280,704,29,17,11.6,5.2,123,0,8,0,34,3,19,19,0,1,0,2,1,6,0,geo3d_decode_mod,16,emu_slice_body,13,ib_build,10,ib_run,8,dp_face_colour,8,dp_frame,3,56,7,15,0,109194,1,37,0,191,0,2067,0,10,864,2633,5,0,66,0,0,0,on,49,10,5,112,4,heap_kb vbl top3_pct,
95.9,96.9,9,1794,8.9,8.9,62,38,5,24,209,3604,1780,0,0,0,sfight_console,True,1280,704,31,16,11.2,5.4,128,0,8,0,32,3,18,17,0,1,1,2,1,12,0,geo3d_decode_mod,14,emu_slice_body,12,ib_build,10,ib_run,7,dp_face_colour,7,dp_frame,3,62,6,15,0,109139,2,35,0,192,0,1956,0,10,891,2690,5,0,66,0,0,0,on,49,10,5,120,4,heap_kb vbl top3_pct,
