frame,ex,ey,ez,xang,yang
0,0.0000,0.0000,0.0000,0,0
3,0.0000,0.8100,-5.0200,0,0
4,0.0000,0.8100,-5.0200,0,0
5,0.0000,0.8100,-5.0200,0,0
6,0.0000,0.8100,-5.0200,0,0
8,0.0000,0.8100,-5.0200,0,0
10,0.0000,0.8100,-5.0200,0,0
12,0.0000,0.8100,-5.0200,0,0
13,0.0000,0.8100,-5.0200,0,0
14,0.0000,0.8100,-5.0200,0,0
15,0.0000,0.8100,-5.0200,0,0
16,0.0000,0.8100,-5.0200,0,0
17,0.0000,0.8100,-5.0200,0,0
18,0.0000,0.8100,-5.0200,0,0
19,0.0000,0.8100,-5.0200,0,0
21,0.0000,0.8100,-5.0200,0,0
23,0.0000,0.8100,-5.0200,0,0
25,0.0000,0.8100,-5.0200,0,0
26,0.0000,0.8100,-5.0200,0,0
27,0.0000,0.8100,-5.0200,0,0
28,0.0000,0.8100,-5.0200,0,0
29,0.0000,0.8100,-5.0200,0,0
30,0.0000,0.8100,-5.0200,0,0
31,0.0000,0.8100,-5.0200,0,0
32,0.0000,0.8100,-5.0200,0,0
33,0.0000,0.8100,-5.0200,0,0
34,0.0000,0.8100,-5.0200,0,0
36,0.0000,0.8100,-5.0200,0,0
38,0.0000,0.8100,-5.0200,0,0
40,0.0000,0.8100,-5.0200,0,0
41,0.0000,0.8100,-5.0200,0,0
42,0.0000,0.8100,-5.0200,0,0
43,0.0000,0.8100,-5.0200,0,0
44,0.0000,0.8100,-5.0200,0,0
45,0.0000,0.8100,-5.0200,0,0
46,0.0000,0.8100,-5.0200,0,0
47,0.0000,0.8100,-5.0200,0,0
48,0.0000,0.8100,-5.0200,0,0
49,0.0000,0.8100,-5.0200,0,0
51,0.0000,0.8100,-5.0200,0,0
53,0.0000,0.8100,-5.0200,0,0
55,0.0000,0.8100,-5.0200,0,0
56,0.0000,0.8100,-5.0200,0,0
57,0.0000,0.8100,-5.0200,0,0
58,0.0000,0.8100,-5.0200,0,0
59,0.0000,0.8100,-5.0200,0,0
60,0.0000,0.8100,-5.0200,0,0
61,0.0000,0.8100,-5.0200,0,0
62,0.0000,0.8100,-5.0200,0,0
63,0.0000,0.8100,-5.0200,0,0
65,0.0000,0.8100,-5.0200,0,0
67,0.0000,0.8100,-5.0200,0,0
69,0.0000,0.8100,-5.0200,0,0
70,0.0000,0.8100,-5.0200,0,0
71,0.0000,0.8100,-5.0200,0,0
72,0.0000,0.8100,-5.0200,0,0
73,0.0000,0.8100,-5.0200,0,0
74,0.0000,0.8100,-5.0200,0,0
75,0.0000,0.8100,-5.0200,0,0
76,0.0000,0.8100,-5.0200,0,0
77,0.0000,0.8100,-5.0200,0,0
78,0.0000,0.8100,-5.0200,0,0
80,0.0000,0.8100,-5.0200,0,0
82,0.0000,0.8100,-5.0200,0,0
84,0.0000,0.8100,-5.0200,0,0
85,0.0000,0.8100,-5.0200,0,0
86,0.0000,0.8100,-5.0200,0,0
87,0.0000,0.8100,-5.0200,0,0
88,0.0000,0.8100,-5.0200,0,0
89,0.0000,0.8100,-5.0200,0,0
90,0.0000,0.8100,-5.0200,0,0
91,0.0000,0.8100,-5.0200,0,0
92,0.0000,0.8100,-5.0200,0,0
94,0.0000,0.8100,-5.0200,0,0
96,0.0000,0.8100,-5.0200,0,0
98,0.0000,0.8100,-5.0200,0,0
99,0.0000,0.8100,-5.0200,0,0
100,0.0000,0.8100,-5.0200,0,0
101,0.0000,0.8100,-5.0200,0,0
102,0.0000,0.8100,-5.0200,0,0
103,0.0000,0.8100,-5.0200,0,0
104,0.0000,0.8100,-5.0200,0,0
105,0.0000,0.8100,-5.0200,0,0
106,0.0000,0.8100,-5.0200,0,0
107,0.0000,0.8100,-5.0200,0,0
109,0.0000,0.8100,-5.0200,0,0
111,0.0000,0.8100,-5.0200,0,0
113,0.0000,0.8100,-5.0200,0,0
114,0.0000,0.8100,-5.0200,0,0
115,0.0000,0.8100,-5.0200,0,0
116,0.0000,0.8100,-5.0200,0,0
117,0.0000,0.8100,-5.0200,0,0
118,0.0000,0.8100,-5.0200,0,0
119,0.0000,0.8100,-5.0200,0,0
120,0.0000,0.8100,-5.0200,0,0
121,0.0000,0.8100,-5.0200,0,0
123,0.0000,0.8100,-5.0200,0,0
125,0.0000,0.8100,-5.0200,0,0
127,0.0000,0.8100,-5.0200,0,0
128,0.0000,0.8100,-5.0200,0,0
129,0.0000,0.8100,-5.0200,0,0
130,0.0000,0.8100,-5.0200,0,0
131,0.0000,0.8100,-5.0200,0,0
132,0.0000,0.8100,-5.0200,0,0
133,0.0000,0.8100,-5.0200,0,0
134,0.0000,0.8100,-5.0200,0,0
135,0.0000,0.8100,-5.0200,0,0
137,0.0000,0.8100,-5.0200,0,0
139,0.0000,0.8100,-5.0200,0,0
141,0.0000,0.8100,-5.0200,0,0
142,0.0000,0.8100,-5.0200,0,0
143,0.0000,0.8100,-5.0200,0,0
144,0.0000,0.8100,-5.0200,0,0
145,0.0000,0.8100,-5.0200,0,0
146,0.0000,0.8100,-5.0200,0,0
147,0.0000,0.8100,-5.0200,0,0
148,0.0000,0.8100,-5.0200,0,0
149,0.0000,0.8100,-5.0200,0,0
151,0.0000,0.8100,-5.0200,0,0
153,0.0000,0.8100,-5.0200,0,0
155,0.0000,0.8100,-5.0200,0,0
156,0.0000,0.8100,-5.0200,0,0
157,0.0000,0.8100,-5.0200,0,0
158,0.0000,0.8100,-5.0200,0,0
159,0.0000,0.8100,-5.0200,0,0
160,0.0000,0.8100,-5.0200,0,0
161,0.0000,0.8100,-5.0200,0,0
162,0.0000,0.8100,-5.0200,0,0
163,0.0000,0.8100,-5.0200,0,0
164,0.0000,0.8100,-5.0200,0,0
165,0.0000,0.8100,-5.0200,0,0
166,0.0000,0.8100,-5.0200,0,0
168,0.0000,0.8100,-5.0200,0,0
170,0.0000,0.8100,-5.0200,0,0
171,0.0000,0.8100,-5.0200,0,0
172,0.0000,0.8100,-5.0200,0,0
173,0.0000,0.8100,-5.0200,0,0
174,0.0000,0.8100,-5.0200,0,0
175,0.0000,0.8100,-5.0200,0,0
176,0.0000,0.8100,-5.0200,0,0
177,0.0000,0.8100,-5.0200,0,0
178,0.0000,0.8100,-5.0200,0,0
180,0.0000,0.8100,-5.0200,0,0
182,0.0000,0.8100,-5.0200,0,0
184,0.0000,0.8100,-5.0200,0,0
185,0.0000,0.8100,-5.0200,0,0
186,0.0000,0.8100,-5.0200,0,0
187,0.0000,0.8100,-5.0200,0,0
188,0.0000,0.8100,-5.0200,0,0
189,0.0000,0.8100,-5.0200,0,0
190,0.0000,0.8100,-5.0200,0,0
191,0.0000,0.8100,-5.0200,0,0
192,0.0000,0.8100,-5.0200,0,0
193,0.0000,0.8100,-5.0200,0,0
195,0.0000,0.8100,-5.0200,0,0
197,0.0000,0.8100,-5.0200,0,0
199,0.0000,0.8100,-5.0200,0,0
200,0.0000,0.8100,-5.0200,0,0
201,0.0000,0.8100,-5.0200,0,0
202,0.0000,0.8100,-5.0200,0,0
203,0.0000,0.8100,-5.0200,0,0
204,0.0000,0.8100,-5.0200,0,0
205,0.0000,0.8100,-5.0200,0,0
206,0.0000,0.8100,-5.0200,0,0
207,0.0000,0.8100,-5.0200,0,0
209,0.0000,0.8100,-5.0200,0,0
211,0.0000,0.8100,-5.0200,0,0
213,0.0000,0.8100,-5.0200,0,0
214,0.0000,0.8100,-5.0200,0,0
215,0.0000,0.8100,-5.0200,0,0
216,0.0000,0.8100,-5.0200,0,0
217,0.0000,0.8100,-5.0200,0,0
218,0.0000,0.8100,-5.0200,0,0
219,0.0000,0.8100,-5.0200,0,0
220,0.0000,0.8100,-5.0200,0,0
221,0.0000,0.8100,-5.0200,0,0
222,0.0000,0.8100,-5.0200,0,0
224,0.0000,0.8100,-5.0200,0,0
226,0.0000,0.8100,-5.0200,0,0
228,0.0000,0.8100,-5.0200,0,0
229,0.0000,0.8100,-5.0200,0,0
230,0.0000,0.8100,-5.0200,0,0
231,0.0000,0.8100,-5.0200,0,0
232,0.0000,0.8100,-5.0200,0,0
233,0.0000,0.8100,-5.0200,0,0
234,0.0000,0.8100,-5.0200,0,0
235,0.0000,0.8100,-5.0200,0,0
236,0.0000,0.8100,-5.0200,0,0
237,0.0000,0.8100,-5.0200,0,0
239,0.0000,0.8100,-5.0200,0,0
241,0.0000,0.8100,-5.0200,0,0
243,0.0000,0.8100,-5.0200,0,0
244,0.0000,0.8100,-5.0200,0,0
245,0.0000,0.8100,-5.0200,0,0
246,0.0000,0.8100,-5.0200,0,0
247,0.0000,0.8100,-5.0200,0,0
248,0.0000,0.8100,-5.0200,0,0
249,0.0000,0.8100,-5.0200,0,0
250,0.0000,0.8100,-5.0200,0,0
251,0.0000,0.8100,-5.0200,0,0
252,0.0000,0.8100,-5.0200,0,0
254,0.0000,0.8100,-5.0200,0,0
256,0.0000,0.8100,-5.0200,0,0
258,0.0000,0.8100,-5.0200,0,0
259,0.0000,0.8100,-5.0200,0,0
260,0.0000,0.8100,-5.0200,0,0
261,0.0000,0.8100,-5.0200,0,0
262,0.0000,0.8100,-5.0200,0,0
263,0.0000,0.8100,-5.0200,0,0
264,0.0000,0.8100,-5.0200,0,0
265,0.0000,0.8100,-5.0200,0,0
266,0.0000,0.8100,-5.0200,0,0
267,0.0000,0.8100,-5.0200,0,0
269,0.0000,0.8100,-5.0200,0,0
271,0.0000,0.8100,-5.0200,0,0
273,0.0000,0.8100,-5.0200,0,0
275,0.0000,0.8100,-5.0200,0,0
276,0.0000,0.8100,-5.0200,0,0
277,0.0000,0.8100,-5.0200,0,0
278,0.0000,0.8100,-5.0200,0,0
279,0.0000,0.8100,-5.0200,0,0
280,0.0000,0.8100,-5.0200,0,0
281,0.0000,0.8100,-5.0200,0,0
282,0.0000,0.8100,-5.0200,0,0
283,0.0000,0.8100,-5.0200,0,0
284,0.0000,0.8100,-5.0200,0,0
286,0.0000,0.8100,-5.0200,0,0
288,0.0000,0.8100,-5.0200,0,0
289,0.0000,0.8100,-5.0200,0,0
290,0.0000,0.8100,-5.0200,0,0
291,0.0000,0.8100,-5.0200,0,0
292,0.0000,0.8100,-5.0200,0,0
293,0.0000,0.8100,-5.0200,0,0
294,0.0000,0.8100,-5.0200,0,0
295,0.0000,0.8100,-5.0200,0,0
296,0.0000,0.8100,-5.0200,0,0
298,0.0000,0.8100,-5.0200,0,0
300,0.0000,0.8100,-5.0200,0,0
302,0.0000,0.8100,-5.0200,0,0
303,0.0000,0.8100,-5.0200,0,0
304,0.0000,0.8100,-5.0200,0,0
305,0.0000,0.8100,-5.0200,0,0
306,0.0000,0.8100,-5.0200,0,0
307,0.0000,0.8100,-5.0200,0,0
308,0.0000,0.8100,-5.0200,0,0
309,0.0000,0.8100,-5.0200,0,0
310,0.0000,0.8100,-5.0200,0,0
311,0.0000,0.8100,-5.0200,0,0
312,0.0000,0.8100,-5.0200,0,0
313,0.0000,0.8100,-5.0200,0,0
315,0.0000,0.8100,-5.0200,0,0
317,0.0000,0.8100,-5.0200,0,0
318,0.0000,0.8100,-5.0200,0,0
319,0.0000,0.8100,-5.0200,0,0
320,0.0000,0.8100,-5.0200,0,0
321,0.0000,0.8100,-5.0200,0,0
322,0.0000,0.8100,-5.0200,0,0
323,0.0000,0.8100,-5.0200,0,0
324,0.0000,0.8100,-5.0200,0,0
326,0.0000,0.8100,-5.0200,0,0
328,0.0000,0.8100,-5.0200,0,0
330,0.0000,0.8100,-5.0200,0,0
331,0.0000,0.8100,-5.0200,0,0
332,0.0000,0.8100,-5.0200,0,0
333,0.0000,0.8100,-5.0200,0,0
334,0.0000,0.8100,-5.0200,0,0
335,0.0000,0.8100,-5.0200,0,0
336,0.0000,0.8100,-5.0200,0,0
337,0.0000,0.8100,-5.0200,0,0
338,0.0000,0.8100,-5.0200,0,0
340,0.0000,0.8100,-5.0200,0,0
342,0.0000,0.8100,-5.0200,0,0
344,0.0000,0.8100,-5.0200,0,0
345,0.0000,0.8100,-5.0200,0,0
346,0.0000,0.8100,-5.0200,0,0
347,0.0000,0.8100,-5.0200,0,0
348,0.0000,0.8100,-5.0200,0,0
349,0.0000,0.8100,-5.0200,0,0
350,0.0000,0.8100,-5.0200,0,0
351,0.0000,0.8100,-5.0200,0,0
352,0.0000,0.8100,-5.0200,0,0
354,0.0000,0.8100,-5.0200,0,0
356,0.0000,0.8100,-5.0200,0,0
358,0.0000,0.8100,-5.0200,0,0
359,0.0000,0.8100,-5.0200,0,0
360,0.0000,0.8100,-5.0200,0,0
361,0.0000,0.8100,-5.0200,0,0
362,0.0000,0.8100,-5.0200,0,0
363,0.0000,0.8100,-5.0200,0,0
364,0.0000,0.8100,-5.0200,0,0
365,0.0000,0.8100,-5.0200,0,0
366,0.0000,0.8100,-5.0200,0,0
368,0.0000,0.8100,-5.0200,0,0
370,0.0000,0.8100,-5.0200,0,0
372,0.0000,0.8100,-5.0200,0,0
373,0.0000,0.8100,-5.0200,0,0
374,0.0000,0.8100,-5.0200,0,0
375,0.0000,0.8100,-5.0200,0,0
376,0.0000,0.8100,-5.0200,0,0
377,0.0000,0.8100,-5.0200,0,0
378,0.0000,0.8100,-5.0200,0,0
379,0.0000,0.8100,-5.0200,0,0
380,0.0000,0.8100,-5.0200,0,0
381,0.0000,0.8100,-5.0200,0,0
383,0.0000,0.8100,-5.0200,0,0
385,0.0000,0.8100,-5.0200,0,0
387,0.0000,0.8100,-5.0200,0,0
388,0.0000,0.8100,-5.0200,0,0
389,0.0000,0.8100,-5.0200,0,0
390,0.0000,0.8100,-5.0200,0,0
391,0.0000,0.8100,-5.0200,0,0
392,0.0000,0.8100,-5.0200,0,0
393,0.0000,0.8100,-5.0200,0,0
394,0.0000,0.8100,-5.0200,0,0
395,0.0000,0.8100,-5.0200,0,0
396,0.0000,0.8100,-5.0200,0,0
397,0.0000,0.8100,-5.0200,0,0
398,0.0000,0.8100,-5.0200,0,0
400,0.0000,0.8100,-5.0200,0,0
402,0.0000,0.8100,-5.0200,0,0
404,0.0000,0.8100,-5.0200,0,0
405,0.0000,0.8100,-5.0200,0,0
406,0.0000,0.8100,-5.0200,0,0
407,0.0000,0.8100,-5.0200,0,0
408,0.0000,0.8100,-5.0200,0,0
409,0.0000,0.8100,-5.0200,0,0
410,0.0000,0.8100,-5.0200,0,0
412,0.0000,0.8100,-5.0200,0,0
414,0.0000,0.8100,-5.0200,0,0
416,0.0000,0.8100,-5.0200,0,0
417,0.0000,0.8100,-5.0200,0,0
418,0.0000,0.8100,-5.0200,0,0
419,0.0000,0.8100,-5.0200,0,0
420,0.0000,0.8100,-5.0200,0,0
421,0.0000,0.8100,-5.0200,0,0
422,0.0000,0.8100,-5.0200,0,0
423,0.0000,0.8100,-5.0200,0,0
424,0.0000,0.8100,-5.0200,0,0
425,0.0000,0.8100,-5.0200,0,0
426,0.0000,0.8100,-5.0200,0,0
428,0.0000,0.8100,-5.0200,0,0
430,0.0000,0.8100,-5.0200,0,0
431,0.0000,0.8100,-5.0200,0,0
432,0.0000,0.8100,-5.0200,0,0
433,0.0000,0.8100,-5.0200,0,0
434,0.0000,0.8100,-5.0200,0,0
435,0.0000,0.8100,-5.0200,0,0
436,0.0000,0.8100,-5.0200,0,0
437,0.0000,0.8100,-5.0200,0,0
438,0.0000,0.8100,-5.0200,0,0
440,0.0000,0.8100,-5.0200,0,0
442,0.0000,0.8100,-5.0200,0,0
444,0.0000,0.8100,-5.0200,0,0
445,0.0000,0.8100,-5.0200,0,0
446,0.0000,0.8100,-5.0200,0,0
447,0.0000,0.8100,-5.0200,0,0
448,0.0000,0.8100,-5.0200,0,0
449,0.0000,0.8100,-5.0200,0,0
450,0.0000,0.8100,-5.0200,0,0
451,0.0000,0.8100,-5.0200,0,0
452,0.0000,0.8100,-5.0200,0,0
454,0.0000,0.8100,-5.0200,0,0
456,0.0000,0.8100,-5.0200,0,0
458,0.0000,0.8100,-5.0200,0,0
459,0.0000,0.8100,-5.0200,0,0
460,0.0000,0.8100,-5.0200,0,0
461,0.0000,0.8100,-5.0200,0,0
462,0.0000,0.8100,-5.0200,0,0
463,0.0000,0.8100,-5.0200,0,0
464,0.0000,0.8100,-5.0200,0,0
465,0.0000,0.8100,-5.0200,0,0
466,0.0000,0.8100,-5.0200,0,0
468,0.0000,0.8100,-5.0200,0,0
470,0.0000,0.8100,-5.0200,0,0
472,0.0000,0.8100,-5.0200,0,0
473,0.0000,0.8100,-5.0200,0,0
474,0.0000,0.8100,-5.0200,0,0
475,0.0000,0.8100,-5.0200,0,0
476,0.0000,0.8100,-5.0200,0,0
477,0.0000,0.8100,-5.0200,0,0
478,0.0000,0.8100,-5.0200,0,0
479,0.0000,0.8100,-5.0200,0,0
480,0.0000,0.8100,-5.0200,0,0
482,0.0000,0.8100,-5.0200,0,0
484,0.0000,0.8100,-5.0200,0,0
486,0.0000,0.8100,-5.0200,0,0
487,0.0000,0.8100,-5.0200,0,0
488,0.0000,0.8100,-5.0200,0,0
489,0.0000,0.8100,-5.0200,0,0
490,0.0000,0.8100,-5.0200,0,0
491,0.0000,0.8100,-5.0200,0,0
492,0.0000,0.8100,-5.0200,0,0
493,0.0000,0.8100,-5.0200,0,0
494,0.0000,0.8100,-5.0200,0,0
495,0.0000,0.8100,-5.0200,0,0
497,0.0000,0.8100,-5.0200,0,0
499,0.0000,0.8100,-5.0200,0,0
501,0.0000,0.8100,-5.0200,0,0
502,0.0000,0.8100,-5.0200,0,0
503,0.0000,0.8100,-5.0200,0,0
504,0.0000,0.8100,-5.0200,0,0
505,0.0000,0.8100,-5.0200,0,0
506,0.0000,0.8100,-5.0200,0,0
507,0.0000,0.8100,-5.0200,0,0
508,0.0000,0.8100,-5.0200,0,0
509,0.0000,0.8100,-5.0200,0,0
510,0.0000,0.8100,-5.0200,0,0
512,0.0000,0.8100,-5.0200,0,0
514,0.0000,0.8100,-5.0200,0,0
516,0.0000,0.8100,-5.0200,0,0
517,0.0000,0.8100,-5.0200,0,0
518,0.0000,0.8100,-5.0200,0,0
519,0.0000,0.8100,-5.0200,0,0
520,0.0000,0.8100,-5.0200,0,0
521,0.0000,0.8100,-5.0200,0,0
522,0.0000,0.8100,-5.0200,0,0
523,0.0000,0.8100,-5.0200,0,0
524,0.0000,0.8100,-5.0200,0,0
526,0.0000,0.8100,-5.0200,0,0
528,0.0000,0.8100,-5.0200,0,0
530,0.0000,0.8100,-5.0200,0,0
531,0.0000,0.8100,-5.0200,0,0
532,0.0000,0.8100,-5.0200,0,0
533,0.0000,0.8100,-5.0200,0,0
534,0.0000,0.8100,-5.0200,0,0
535,0.0000,0.8100,-5.0200,0,0
536,0.0000,0.8100,-5.0200,0,0
537,0.0000,0.8100,-5.0200,0,0
538,0.0000,0.8100,-5.0200,0,0
540,0.0000,0.8100,-5.0200,0,0
542,0.0000,0.8100,-5.0200,0,0
544,0.0000,0.8100,-5.0200,0,0
545,0.0000,0.8100,-5.0200,0,0
546,0.0000,0.8100,-5.0200,0,0
547,0.0000,0.8100,-5.0200,0,0
548,0.0000,0.8100,-5.0200,0,0
549,0.0000,0.8100,-5.0200,0,0
550,0.0000,0.8100,-5.0200,0,0
551,0.0000,0.8100,-5.0200,0,0
552,0.0000,0.8100,-5.0200,0,0
554,0.0000,0.8100,-5.0200,0,0
556,0.0000,0.8100,-5.0200,0,0
558,0.0000,0.8100,-5.0200,0,0
560,0.0000,0.8100,-5.0200,0,0
561,0.0000,0.8100,-5.0200,0,0
562,0.0000,0.8100,-5.0200,0,0
563,0.0000,0.8100,-5.0200,0,0
564,0.0000,0.8100,-5.0200,0,0
565,0.0000,0.8100,-5.0200,0,0
566,0.0000,0.8100,-5.0200,0,0
567,0.0000,0.8100,-5.0200,0,0
569,0.0000,0.8100,-5.0200,0,0
571,0.0000,0.8100,-5.0200,0,0
573,0.0000,0.8100,-5.0200,0,0
574,0.0000,0.8100,-5.0200,0,0
575,0.0000,0.8100,-5.0200,0,0
576,0.0000,0.8100,-5.0200,0,0
577,0.0000,0.8100,-5.0200,0,0
578,0.0000,0.8100,-5.0200,0,0
579,0.0000,0.8100,-5.0200,0,0
580,0.0000,0.8100,-5.0200,0,0
581,0.0000,0.8100,-5.0200,0,0
583,0.0000,0.8100,-5.0200,0,0
585,0.0000,0.8100,-5.0200,0,0
587,0.0000,0.8100,-5.0200,0,0
588,0.0000,0.8100,-5.0200,0,0
589,0.0000,0.8100,-5.0200,0,0
590,0.0000,0.8100,-5.0200,0,0
591,0.0000,0.8100,-5.0200,0,0
592,0.0000,0.8100,-5.0200,0,0
593,0.0000,0.8100,-5.0200,0,0
594,0.0000,0.8100,-5.0200,0,0
595,0.0000,0.8100,-5.0200,0,0
597,0.0000,0.8100,-5.0200,0,0
599,0.0000,0.8100,-5.0200,0,0
601,0.0000,0.8100,-5.0200,0,0
602,0.0000,0.8100,-5.0200,0,0
603,0.0000,0.8100,-5.0200,0,0
604,0.0000,0.8100,-5.0200,0,0
605,0.0000,0.8100,-5.0200,0,0
606,0.0000,0.8100,-5.0200,0,0
607,0.0000,0.8100,-5.0200,0,0
608,0.0000,0.8100,-5.0200,0,0
609,0.0000,0.8100,-5.0200,0,0
611,0.0000,0.8100,-5.0200,0,0
613,0.0000,0.8100,-5.0200,0,0
615,0.0000,0.8100,-5.0200,0,0
616,0.0000,0.8100,-5.0200,0,0
617,0.0000,0.8100,-5.0200,0,0
618,0.0000,0.8100,-5.0200,0,0
619,0.0000,0.8100,-5.0200,0,0
620,0.0000,0.8100,-5.0200,0,0
621,0.0000,0.8100,-5.0200,0,0
622,0.0000,0.8100,-5.0200,0,0
623,0.0000,0.8100,-5.0200,0,0
624,0.0000,0.8100,-5.0200,0,0
626,0.0000,0.8100,-5.0200,0,0
628,0.0000,0.8100,-5.0200,0,0
630,0.0000,0.8100,-5.0200,0,0
631,0.0000,0.8100,-5.0200,0,0
632,0.0000,0.8100,-5.0200,0,0
633,0.0000,0.8100,-5.0200,0,0
634,0.0000,0.8100,-5.0200,0,0
635,0.0000,0.8100,-5.0200,0,0
636,0.0000,0.8100,-5.0200,0,0
637,0.0000,0.8100,-5.0200,0,0
639,0.0000,0.8100,-5.0200,0,0
641,4.0014,2.3608,0.0000,-2560,16384
644,3.6376,2.2412,0.0000,-2560,16384
645,3.6376,2.2412,0.0000,-2560,16384
646,3.6376,2.2412,0.0000,-2560,16384
647,3.6376,2.2412,0.0000,-2560,16384
648,3.6376,2.2412,0.0000,-2560,16384
649,3.6376,2.2412,0.0000,-2560,16384
650,3.6376,2.2412,0.0000,-2560,16384
651,3.6376,2.2412,0.0000,-2560,16384
652,3.6376,2.2412,0.0000,-2560,16384
653,3.6376,2.2412,0.0000,-2560,16384
654,3.6376,2.2412,0.0000,-2560,16384
656,3.6376,2.2412,0.0000,-2560,16384
658,3.6376,2.2412,0.0000,-2560,16384
659,3.6376,2.2412,0.0000,-2560,16384
660,3.6376,2.2412,0.0000,-2560,16384
661,3.6376,2.2412,0.0000,-2560,16384
662,3.6376,2.2412,0.0000,-2560,16384
663,3.6376,2.2412,0.0000,-2560,16384
664,3.6376,2.2412,0.0000,-2560,16384
665,3.6376,2.2412,0.0000,-2560,16384
666,3.6376,2.2412,0.0000,-2560,16384
667,3.6376,2.2412,0.0000,-2560,16384
669,3.6376,2.2412,0.0000,-2560,16384
671,3.6376,2.2412,0.0000,-2560,16384
673,3.6376,2.2412,0.0000,-2560,16384
674,3.6376,2.2412,0.0000,-2560,16384
675,3.6376,2.2412,0.0000,-2560,16384
676,3.6376,2.2412,0.0000,-2560,16384
677,3.6376,2.2412,0.0000,-2560,16384
678,3.6376,2.2412,0.0000,-2560,16384
679,3.6376,2.2412,0.0000,-2560,16384
680,3.6376,2.2412,0.0000,-2560,16384
681,3.6376,2.2412,0.0000,-2560,16384
682,3.6376,2.2412,0.0000,-2560,16384
684,3.6376,2.2412,0.0000,-2560,16384
686,3.6376,2.2412,0.0000,-2560,16384
687,3.6376,2.2412,0.0000,-2560,16384
688,3.6376,2.2412,0.0000,-2560,16384
689,3.6376,2.2412,0.0000,-2560,16384
690,3.6376,2.2412,0.0000,-2560,16384
691,3.6376,2.2412,0.0000,-2560,16384
692,3.6376,2.2412,0.0000,-2560,16384
693,3.6376,2.2412,0.0000,-2560,16384
694,3.6376,2.2412,0.0000,-2560,16384
695,3.6376,2.2412,0.0000,-2560,16384
696,3.6376,2.2412,0.0000,-2560,16384
697,3.6376,2.2412,0.0000,-2560,16384
699,3.6376,2.2412,0.0000,-2560,16384
701,3.6376,2.2412,0.0000,-2560,16384
703,3.6376,2.2412,0.0000,-2560,16384
704,3.6376,2.2412,0.0000,-2560,16384
705,3.6376,2.2412,0.0000,-2560,16384
706,3.6376,2.2412,0.0000,-2560,16384
707,3.6376,2.2412,0.0000,-2560,16384
708,3.6376,2.2412,0.0000,-2560,16384
709,3.6376,2.2412,0.0000,-2560,16384
710,3.6376,2.2412,0.0000,-2560,16384
711,3.6376,2.2412,0.0000,-2560,16384
713,3.6376,2.2412,0.0000,-2560,16384
715,3.6376,2.2412,0.0000,-2560,16384
717,3.6376,2.2412,0.0000,-2560,16384
718,3.6376,2.2412,0.0000,-2560,16384
719,3.6376,2.2412,0.0000,-2560,16384
720,3.6376,2.2412,0.0000,-2560,16384
721,3.6376,2.2412,0.0000,-2560,16384
722,3.6376,2.2412,0.0000,-2560,16384
723,3.6376,2.2412,0.0000,-2560,16384
724,3.6376,2.2412,0.0000,-2560,16384
725,3.6376,2.2412,0.0000,-2560,16384
726,3.6376,2.2412,0.0000,-2560,16384
728,3.6376,2.2412,0.0000,-2560,16384
730,3.6376,2.2412,0.0000,-2560,16384
732,3.6376,2.2412,0.0000,-2560,16384
733,3.6376,2.2412,0.0000,-2560,16384
734,3.6376,2.2412,0.0000,-2560,16384
735,3.6376,2.2412,0.0000,-2560,16384
736,3.6376,2.2412,0.0000,-2560,16384
737,3.6376,2.2412,0.0000,-2560,16384
738,3.6376,2.2412,0.0000,-2560,16384
739,3.6376,2.2412,0.0000,-2560,16384
740,3.6376,2.2412,0.0000,-2560,16384
742,3.6376,2.2412,0.0000,-2560,16384
744,3.6376,2.2412,0.0000,-2560,16384
746,3.6376,2.2412,0.0000,-2560,16384
747,3.6376,2.2412,0.0000,-2560,16384
748,3.6376,2.2412,0.0000,-2560,16384
749,3.6376,2.2412,0.0000,-2560,16384
750,3.6376,2.2412,0.0000,-2560,16384
751,3.6376,2.2412,0.0000,-2560,16384
752,3.6376,2.2412,0.0000,-2560,16384
753,3.6376,2.2412,0.0000,-2560,16384
754,3.6376,2.2412,0.0000,-2560,16384
755,3.6376,2.2412,0.0000,-2560,16384
757,3.6376,2.2412,0.0000,-2560,16384
759,3.6376,2.2412,0.0000,-2560,16384
761,3.6376,2.2412,0.0000,-2560,16384
762,3.6376,2.2412,0.0000,-2560,16384
763,3.6376,2.2412,0.0000,-2560,16384
764,3.6376,2.2412,0.0000,-2560,16384
765,3.6376,2.2412,0.0000,-2560,16384
766,3.6376,2.2412,0.0000,-2560,16384
767,3.6376,2.2412,0.0000,-2560,16384
768,3.6376,2.2412,0.0000,-2560,16384
769,3.6376,2.2412,0.0000,-2560,16384
770,3.6376,2.2412,0.0000,-2560,16384
772,3.6376,2.2412,0.0000,-2560,16384
774,3.6376,2.2412,0.0000,-2560,16384
776,3.6376,2.2412,0.0000,-2560,16384
777,3.6376,2.2412,0.0000,-2560,16384
778,3.6376,2.2412,0.0000,-2560,16384
779,3.6376,2.2412,0.0000,-2560,16384
780,3.6376,2.2412,0.0000,-2560,16384
781,3.6376,2.2412,0.0000,-2560,16384
782,3.6376,2.2412,0.0000,-2560,16384
783,3.6376,2.2412,0.0000,-2560,16384
784,3.6376,2.2412,0.0000,-2560,16384
785,3.6376,2.2412,0.0000,-2560,16384
787,3.6376,2.2412,0.0000,-2560,16384
789,3.6376,2.2412,0.0000,-2560,16384
791,3.6376,2.2412,0.0000,-2560,16384
792,3.6376,2.2412,0.0000,-2560,16384
793,3.6376,2.2412,0.0000,-2560,16384
794,3.6376,2.2412,0.0000,-2560,16384
795,3.6376,2.2412,0.0000,-2560,16384
796,3.6376,2.2412,0.0000,-2560,16384
797,3.6376,2.2412,0.0000,-2560,16384
798,3.6376,2.2412,0.0000,-2560,16384
799,3.6376,2.2412,0.0000,-2560,16384
800,3.6376,2.2412,0.0000,-2560,16384
801,3.6376,2.2412,0.0000,-2560,16384
802,3.6376,2.2412,0.0000,-2560,16384
803,3.6376,2.2412,0.0000,-2560,16384
805,3.6376,2.2412,0.0000,-2560,16384
807,3.6376,2.2412,0.0000,-2560,16384
808,3.6376,2.2412,0.0000,-2560,16384
810,3.6376,2.2412,0.0000,-2560,16384
811,3.6376,2.2412,0.0000,-2560,16384
812,3.6376,2.2412,0.0000,-2560,16384
813,3.6376,2.2412,0.0000,-2560,16384
814,3.6376,2.2412,0.0000,-2560,16384
816,3.6376,2.2412,0.0000,-2560,16384
818,3.6376,2.2412,0.0000,-2560,16384
820,3.6376,2.2412,0.0000,-2560,16384
821,3.6376,2.2412,0.0000,-2560,16384
822,3.6376,2.2412,0.0000,-2560,16384
823,3.6376,2.2412,0.0000,-2560,16384
824,3.6376,2.2412,0.0000,-2560,16384
825,3.6376,2.2412,0.0000,-2560,16384
826,3.6376,2.2412,0.0000,-2560,16384
827,3.6376,2.2412,0.0000,-2560,16384
828,3.6376,2.2412,0.0000,-2560,16384
829,3.6376,2.2412,0.0000,-2560,16384
831,3.6376,2.2412,0.0000,-2560,16384
833,3.6376,2.2412,0.0000,-2560,16384
835,3.6376,2.2412,0.0000,-2560,16384
836,0.0000,0.0000,-12.0000,0,0
840,0.0000,0.0000,-12.0000,0,0
841,0.0000,0.0000,-12.0000,0,0
842,0.0000,0.0000,-12.0000,0,0
843,0.0000,0.0000,-12.0000,0,0
844,0.0000,0.0000,-12.0000,0,0
845,0.0000,0.0000,-12.0000,0,0
847,0.0000,0.0000,-12.0000,0,0
849,0.0000,0.0000,-12.0000,0,0
851,0.0000,0.0000,-12.0000,0,0
853,0.0000,0.0000,-12.0000,0,0
854,0.0000,0.0000,-12.0000,0,0
855,0.0000,0.0000,-12.0000,0,0
856,0.0000,0.0000,-12.0000,0,0
857,0.0000,0.0000,-12.0000,0,0
858,0.0000,0.0000,-12.0000,0,0
859,0.0000,0.0000,-12.0000,0,0
860,0.0000,0.0000,-12.0000,0,0
862,0.0000,0.0000,-12.0000,0,0
864,0.0000,0.0000,-12.0000,0,0
866,0.0000,0.0000,-12.0000,0,0
868,0.0000,0.0000,-12.0000,0,0
869,0.0000,0.0000,-12.0000,0,0
870,0.0000,0.0000,-12.0000,0,0
871,0.0000,0.0000,-12.0000,0,0
872,0.0000,0.0000,-12.0000,0,0
873,0.0000,0.0000,-12.0000,0,0
874,0.0000,0.0000,-12.0000,0,0
875,0.0000,0.0000,-12.0000,0,0
876,0.0000,0.0000,-12.0000,0,0
878,0.0000,0.0000,-12.0000,0,0
880,0.0000,0.0000,-12.0000,0,0
882,0.0000,0.0000,-12.0000,0,0
884,0.0000,0.0000,-12.0000,0,0
885,0.0000,0.0000,-12.0000,0,0
886,0.0000,0.0000,-12.0000,0,0
887,0.0000,0.0000,-12.0000,0,0
888,0.0000,0.0000,-12.0000,0,0
889,0.0000,0.0000,-12.0000,0,0
891,0.0000,0.0000,-12.0000,0,0
893,0.0000,0.0000,-12.0000,0,0
895,0.0000,0.0000,-12.0000,0,0
897,0.0000,0.0000,-12.0000,0,0
898,0.0000,0.0000,-12.0000,0,0
899,0.0000,0.0000,-12.0000,0,0
900,0.0000,0.0000,-12.0000,0,0
901,0.0000,0.0000,-12.0000,0,0
902,0.0000,0.0000,-12.0000,0,0
903,0.0000,0.0000,-12.0000,0,0
904,0.0000,0.0000,-12.0000,0,0
906,0.0000,0.0000,-12.0000,0,0
908,0.0000,0.0000,-12.0000,0,0
910,0.0000,0.0000,-12.0000,0,0
911,0.0000,0.0000,-12.0000,0,0
912,0.0000,0.0000,-12.0000,0,0
913,0.0000,0.0000,-12.0000,0,0
914,0.0000,0.0000,-12.0000,0,0
915,0.0000,0.0000,-12.0000,0,0
916,0.0000,0.0000,-12.0000,0,0
917,0.0000,0.0000,-12.0000,0,0
918,0.0000,0.0000,-12.0000,0,0
920,0.0000,0.0000,-12.0000,0,0
922,0.0000,0.0000,-12.0000,0,0
924,0.0000,0.0000,-12.0000,0,0
926,0.0000,0.0000,-12.0000,0,0
927,0.0000,0.0000,-12.0000,0,0
928,0.0000,0.0000,-12.0000,0,0
929,0.0000,0.0000,-12.0000,0,0
930,0.0000,0.0000,-12.0000,0,0
931,0.0000,0.0000,-12.0000,0,0
932,0.0000,0.0000,-12.0000,0,0
933,0.0000,0.0000,-12.0000,0,0
935,0.0000,0.0000,-12.0000,0,0
937,0.0000,0.0000,-12.0000,0,0
939,0.0000,0.0000,-12.0000,0,0
941,0.0000,0.0000,-12.0000,0,0
942,0.0000,0.0000,-12.0000,0,0
943,0.0000,0.0000,-12.0000,0,0
944,0.0000,0.0000,-12.0000,0,0
945,0.0000,0.0000,-12.0000,0,0
946,0.0000,0.0000,-12.0000,0,0
948,0.0000,0.0000,-12.0000,0,0
950,0.0000,0.0000,-12.0000,0,0
952,0.0000,0.0000,-12.0000,0,0
954,0.0000,0.0000,-12.0000,0,0
955,0.0000,0.0000,-12.0000,0,0
956,0.0000,0.0000,-12.0000,0,0
957,0.0000,0.0000,-12.0000,0,0
958,0.0000,0.0000,-12.0000,0,0
959,0.0000,0.0000,-12.0000,0,0
960,0.0000,0.0000,-12.0000,0,0
962,0.0000,0.0000,-12.0000,0,0
964,0.0000,0.0000,-12.0000,0,0
966,-0.9930,0.5000,-2.8000,0,0
968,-0.9860,0.5000,-2.8000,0,0
969,-0.9825,0.5000,-2.8000,0,0
970,-0.9790,0.5000,-2.8000,0,0
971,-0.9755,0.5000,-2.8000,0,0
972,-0.9720,0.5000,-2.8000,0,0
973,-0.9685,0.5000,-2.8000,0,0
974,-0.9650,0.5000,-2.8000,0,0
975,-0.9615,0.5000,-2.8000,0,0
977,-0.9545,0.5000,-2.8000,0,0
979,-0.9475,0.5000,-2.8000,0,0
981,-0.9405,0.5000,-2.8000,0,0
982,-0.9370,0.5000,-2.8000,0,0
983,-0.9335,0.5000,-2.8000,0,0
984,-0.9300,0.5000,-2.8000,0,0
985,-0.9265,0.5000,-2.8000,0,0
986,-0.9230,0.5000,-2.8000,0,0
987,-0.9195,0.5000,-2.8000,0,0
988,-0.9160,0.5000,-2.8000,0,0
990,-0.9090,0.5000,-2.8000,0,0
992,-0.9020,0.5000,-2.8000,0,0
994,-0.8950,0.5000,-2.8000,0,0
996,-0.8880,0.5000,-2.8000,0,0
997,-0.8845,0.5000,-2.8000,0,0
998,-0.8810,0.5000,-2.8000,0,0
999,-0.8775,0.5000,-2.8000,0,0
1000,-0.8740,0.5000,-2.8000,0,0
1001,-0.8705,0.5000,-2.8000,0,0
1002,-0.8670,0.5000,-2.8000,0,0
1004,-0.8600,0.5000,-2.8000,0,0
1006,-0.8530,0.5000,-2.8000,0,0
1008,-0.8460,0.5000,-2.8000,0,0
1010,-0.8390,0.5000,-2.8000,0,0
1011,-0.8355,0.5000,-2.8000,0,0
1012,-0.8320,0.5000,-2.8000,0,0
1013,-0.8285,0.5000,-2.8000,0,0
1014,-0.8250,0.5000,-2.8000,0,0
1015,-0.8215,0.5000,-2.8000,0,0
1016,-0.8180,0.5000,-2.8000,0,0
1017,-0.8145,0.5000,-2.8000,0,0
1018,-0.8110,0.5000,-2.8000,0,0
1020,-0.8040,0.5000,-2.8000,0,0
1022,-0.7970,0.5000,-2.8000,0,0
1024,-0.7900,0.5000,-2.8000,0,0
1025,-0.7865,0.5000,-2.8000,0,0
1026,-0.7830,0.5000,-2.8000,0,0
1027,-0.7795,0.5000,-2.8000,0,0
1028,-0.7760,0.5000,-2.8000,0,0
1029,-0.7725,0.5000,-2.8000,0,0
1030,-0.7690,0.5000,-2.8000,0,0
1031,-0.7655,0.5000,-2.8000,0,0
1032,-0.7620,0.5000,-2.8000,0,0
1033,-0.7585,0.5000,-2.8000,0,0
1035,-0.7515,0.5000,-2.8000,0,0
1037,-0.7445,0.5000,-2.8000,0,0
1039,-0.7375,0.5000,-2.8000,0,0
1040,-0.7340,0.5000,-2.8000,0,0
1041,-0.7305,0.5000,-2.8000,0,0
1042,-0.7270,0.5000,-2.8000,0,0
1043,-0.7235,0.5000,-2.8000,0,0
1044,-0.7200,0.5000,-2.8000,0,0
1045,-0.7165,0.5000,-2.8000,0,0
1046,-0.7130,0.5000,-2.8000,0,0
1047,-0.7095,0.5000,-2.8000,0,0
1049,-0.7025,0.5000,-2.8000,0,0
1051,-0.6955,0.5000,-2.8000,0,0
1053,-0.6885,0.5000,-2.8000,0,0
1055,-0.6815,0.5000,-2.8000,0,0
1056,-0.6780,0.5000,-2.8000,0,0
1057,-0.6745,0.5000,-2.8000,0,0
1058,-0.6710,0.5000,-2.8000,0,0
1059,-0.6675,0.5000,-2.8000,0,0
1060,-0.6640,0.5000,-2.8000,0,0
1061,-0.6605,0.5000,-2.8000,0,0
1063,-0.6535,0.5000,-2.8000,0,0
1065,-0.6465,0.5000,-2.8000,0,0
1067,-0.6395,0.5000,-2.8000,0,0
1068,-0.6360,0.5000,-2.8000,0,0
1069,-0.6325,0.5000,-2.8000,0,0
1070,-0.6290,0.5000,-2.8000,0,0
1071,-0.6255,0.5000,-2.8000,0,0
1072,-0.6220,0.5000,-2.8000,0,0
1073,-0.6185,0.5000,-2.8000,0,0
1074,-0.6150,0.5000,-2.8000,0,0
1075,-0.6115,0.5000,-2.8000,0,0
1077,-0.6045,0.5000,-2.8000,0,0
1079,-0.5975,0.5000,-2.8000,0,0
1081,-0.5905,0.5000,-2.8000,0,0
1083,-0.5835,0.5000,-2.8000,0,0
1084,-0.5800,0.5000,-2.8000,0,0
1085,-0.5765,0.5000,-2.8000,0,0
1086,-0.5730,0.5000,-2.8000,0,0
1087,-0.5695,0.5000,-2.8000,0,0
1088,-0.5660,0.5000,-2.8000,0,0
1089,-0.5625,0.5000,-2.8000,0,0
1090,-0.5590,0.5000,-2.8000,0,0
1092,-0.5520,0.5000,-2.8000,0,0
1094,-0.5450,0.5000,-2.8000,0,0
1096,-0.5380,0.5000,-2.8000,0,0
1097,-0.5345,0.5000,-2.8000,0,0
1099,-0.5275,0.5000,-2.8000,0,0
1100,-0.5240,0.5000,-2.8000,0,0
1101,-0.5205,0.5000,-2.8000,0,0
1102,-0.5170,0.5000,-2.8000,0,0
1103,-0.5135,0.5000,-2.8000,0,0
1104,-0.5100,0.5000,-2.8000,0,0
1106,-0.5030,0.5000,-2.8000,0,0
1108,-0.4960,0.5000,-2.8000,0,0
1110,-0.4890,0.5000,-2.8000,0,0
1111,-0.4855,0.5000,-2.8000,0,0
1112,-0.4820,0.5000,-2.8000,0,0
1113,-0.4785,0.5000,-2.8000,0,0
1114,-0.4750,0.5000,-2.8000,0,0
1115,-0.4715,0.5000,-2.8000,0,0
1116,-0.4680,0.5000,-2.8000,0,0
1117,-0.4645,0.5000,-2.8000,0,0
1118,-0.4610,0.5000,-2.8000,0,0
1120,-0.4540,0.5000,-2.8000,0,0
1122,-0.4470,0.5000,-2.8000,0,0
1124,-0.4400,0.5000,-2.8000,0,0
1126,-0.4330,0.5000,-2.8000,0,0
1127,-0.4295,0.5000,-2.8000,0,0
1128,-0.4260,0.5000,-2.8000,0,0
1129,-0.4225,0.5000,-2.8000,0,0
1130,-0.4190,0.5000,-2.8000,0,0
1131,-0.4155,0.5000,-2.8000,0,0
1132,-0.4120,0.5000,-2.8000,0,0
1133,-0.4085,0.5000,-2.8000,0,0
1135,-0.4015,0.5000,-2.8000,0,0
1137,-0.3945,0.5000,-2.8000,0,0
1139,-0.3875,0.5000,-2.8000,0,0
1141,-0.3805,0.5000,-2.8000,0,0
1142,-0.3770,0.5000,-2.8000,0,0
1143,-0.3735,0.5000,-2.8000,0,0
1144,-0.3700,0.5000,-2.8000,0,0
1145,-0.3665,0.5000,-2.8000,0,0
1146,-0.3630,0.5000,-2.8000,0,0
1147,-0.3595,0.5000,-2.8000,0,0
1148,-0.3560,0.5000,-2.8000,0,0
1150,-0.3490,0.5000,-2.8000,0,0
1152,-0.3420,0.5000,-2.8000,0,0
1154,-0.3350,0.5000,-2.8000,0,0
1156,-0.3280,0.5000,-2.8000,0,0
1157,0.0000,3.0000,0.5017,0,-32768
1158,0.0000,3.0000,0.5067,0,-32768
1159,0.0000,3.0000,0.5150,0,-32768
1160,0.0000,3.0000,0.5264,0,-32768
1161,0.0000,3.0000,0.5408,0,-32768
1162,0.0000,3.0000,0.5580,0,-32768
1164,0.0000,3.0000,0.6007,0,-32768
1166,0.0000,3.0000,0.6537,0,-32768
1168,0.0000,3.0000,0.7159,0,-32768
1170,0.0000,3.0000,0.7865,0,-32768
1171,0.0000,3.0000,0.8246,0,-32768
1172,0.0000,3.0000,0.8646,0,-32768
1173,0.0000,3.0000,0.9062,0,-32768
1174,0.0000,3.0000,0.9493,0,-32768
1175,0.0000,3.0000,0.9938,0,-32768
1176,0.0000,3.0000,1.0397,0,-32768
1177,0.0000,3.0000,1.0867,0,-32768
1179,0.0000,3.0000,1.1840,0,-32768
1181,0.0000,3.0000,1.2847,0,-32768
1183,0.0000,3.0000,1.3880,0,-32768
1185,0.0000,3.0000,1.4929,0,-32768
1186,0.0000,3.0000,1.5457,0,-32768
1187,0.0000,3.0000,1.5986,0,-32768
1188,0.0000,3.0000,1.6514,0,-32768
1189,0.0000,3.0000,1.7041,0,-32768
1190,0.0000,3.0000,1.7565,0,-32768
1191,0.0000,3.0000,1.8085,0,-32768
1192,0.0000,3.0000,1.8601,0,-32768
1194,0.0000,3.0000,1.9613,0,-32768
1196,0.0000,3.0000,2.0592,0,-32768
1198,0.0000,3.0000,2.1530,0,-32768
1200,0.0000,3.0000,2.2416,0,-32768
1201,0.0000,3.0000,2.2837,0,-32768
1202,0.0000,3.0000,2.3242,0,-32768
1203,0.0000,3.0000,2.3630,0,-32768
1204,0.0000,3.0000,2.4000,0,-32768
1205,0.0007,3.0000,2.4350,0,32765
1206,0.0026,3.0000,2.4678,0,32757
1208,0.0089,3.0000,2.5267,0,32731
1210,0.0166,3.0000,2.5760,0,32700
1212,0.0236,3.0000,2.6148,0,32673
1214,0.0277,3.0000,2.6424,0,32658
1215,0.0279,3.0000,2.6517,0,32658
1216,0.0266,3.0000,2.6580,0,32663
1217,0.0234,3.0000,2.6610,0,32676
1218,0.0181,3.0000,2.6608,0,32697
1219,0.0104,3.0000,2.6571,0,32727
1220,0.0000,3.0000,2.6500,0,-32768
1222,-0.0472,2.9986,2.6217,0,-32580
1225,-0.1990,2.9923,2.5407,0,-31952
1227,-0.3473,2.9860,2.4616,0,-31306
1229,-0.5279,2.9787,2.3632,0,-30475
1230,-0.6288,2.9748,2.3069,0,-29992
1231,-0.7360,2.9709,2.2459,0,-29464
1232,-0.8489,2.9670,2.1803,0,-28895
1233,-0.9669,2.9633,2.1101,0,-28286
1234,-1.0895,2.9596,2.0355,0,-27642
1235,-1.2160,2.9562,1.9565,0,-26967
1237,-1.4785,2.9504,1.7855,0,-25554
1239,-1.7496,2.9463,1.5977,0,-24102
1241,-2.0249,2.9445,1.3934,0,-22670
1243,-2.2994,2.9455,1.1733,0,-21305
1244,-2.4349,2.9473,1.0575,0,-20657
1245,-2.5685,2.9499,0.9378,0,-20035
1246,-2.6996,2.9536,0.8145,0,-19440
1247,-2.8275,2.9583,0.6875,0,-18871
1248,-2.9518,2.9641,0.5569,0,-18329
1249,-3.0717,2.9711,0.4228,0,-17810
1250,-3.1868,2.9794,0.2853,0,-17315
1252,-3.4000,3.0000,0.0000,0,-16384
1254,-3.5382,3.0374,-0.3239,0,-15431
1256,-3.5612,3.1003,-0.7048,0,-14346
1258,-3.4837,3.1848,-1.1318,0,-13107
1259,-3.4118,3.2340,-1.3592,0,-12429
1260,-3.3203,3.2871,-1.5942,0,-11714
1261,-3.2110,3.3437,-1.8354,0,-10967
1262,-3.0857,3.4033,-2.0814,0,-10194
1263,-2.9463,3.4654,-2.3309,0,-9402
1264,-2.7946,3.5295,-2.5825,0,-8603
1266,-2.4616,3.6620,-3.0869,0,-7021
1268,-2.1014,3.7969,-3.5838,0,-5531
1270,-1.7286,3.9303,-4.0624,0,-4196
1271,-1.5421,3.9952,-4.2915,0,-3598
1273,-1.1781,4.1192,-4.7226,0,-2549
1274,-1.0042,4.1773,-4.9219,0,-2099
1275,-0.8381,4.2321,-5.1087,0,-1696
1276,-0.6818,4.2832,-5.2814,0,-1339
1277,-0.5370,4.3301,-5.4389,0,-1026
1278,-0.4055,4.3723,-5.5797,0,-756
1280,-0.1900,4.4407,-5.8060,0,-341
1282,-0.0499,4.4845,-5.9497,0,-87
1284,0.0000,4.5000,-6.0000,0,0
1286,0.0000,4.5000,-6.0000,0,0
1287,0.0000,4.5000,-6.0000,0,0
1288,0.0000,4.5000,-6.0000,0,0
1289,0.0000,4.5000,-6.0000,0,0
1290,0.0000,4.5000,-6.0000,0,0
1291,0.0000,4.5000,-6.0000,0,0
1293,0.0000,4.5000,-6.0000,0,0
1295,0.0000,4.5000,-6.0000,0,0
1297,0.0000,4.5000,-6.0000,0,0
1299,0.0000,4.5000,-6.0000,0,0
1300,0.0000,4.5000,-6.0000,0,0
1301,0.0000,4.5000,-6.0000,0,0
1302,0.0000,4.5000,-6.0000,0,0
1303,0.0000,4.5000,-6.0000,0,0
1304,0.0000,4.5000,-6.0000,0,0
1305,0.0000,4.5000,-6.0000,0,0
1306,0.0000,4.5000,-6.0000,0,0
1307,0.0000,4.5000,-6.0000,0,0
1309,0.0000,4.5000,-6.0000,0,0
1311,0.0000,4.5000,-6.0000,0,0
1313,0.0000,4.5000,-6.0000,0,0
1315,0.0000,4.5000,-6.0000,0,0
1316,0.0000,4.5000,-6.0000,0,0
1318,0.0000,4.5000,-6.0000,0,0
1319,0.0000,4.5000,-6.0000,0,0
1320,0.0000,4.5000,-6.0000,0,0
1321,0.0000,4.5000,-6.0000,0,0
1322,0.0000,4.5000,-6.0000,0,0
1324,0.0000,4.5000,-6.0000,0,0
1326,0.0000,4.5000,-6.0000,0,0
1328,0.0000,4.5000,-6.0000,0,0
1330,0.0000,4.5000,-6.0000,0,0
1331,0.0000,4.5000,-6.0000,0,0
1332,0.0000,4.5000,-6.0000,0,0
1333,0.0000,4.5000,-6.0000,0,0
1334,0.0000,4.5000,-6.0000,0,0
1335,0.0000,4.5000,-6.0000,0,0
1336,0.0000,4.5000,-6.0000,0,0
1337,0.0000,4.5000,-6.0000,0,0
1339,0.0000,4.5000,-6.0000,0,0
1341,0.0000,4.5000,-6.0000,0,0
1343,0.0000,4.5000,-6.0000,0,0
1345,0.0000,4.5000,-6.0000,0,0
1346,0.0000,4.5000,-6.0000,0,0
1347,0.0000,4.5000,-6.0000,0,0
1348,0.0000,4.5000,-6.0000,0,0
1349,0.0000,4.5000,-6.0000,0,0
1350,0.0000,4.5000,-6.0000,0,0
1351,0.0000,4.5000,-6.0000,0,0
1352,0.0000,4.5000,-6.0000,0,0
1354,0.0000,4.5000,-6.0000,0,0
1356,0.0000,4.5000,-6.0000,0,0
1358,0.0000,4.5000,-6.0000,0,0
1360,0.0000,4.5000,-6.0000,0,0
1361,0.0000,4.5000,-6.0000,0,0
1362,0.0000,4.5000,-6.0000,0,0
1363,0.0000,4.5000,-6.0000,0,0
1364,0.0000,4.5000,-6.0000,0,0
1365,0.0000,4.5000,-6.0000,0,0
1366,0.0000,4.5000,-6.0000,0,0
1368,0.0000,4.5000,-6.0000,0,0
1370,0.0000,4.5000,-6.0000,0,0
1372,0.0000,4.5000,-6.0000,0,0
1374,0.0000,4.5000,-6.0000,0,0
1375,0.0000,4.5000,-6.0000,0,0
1376,0.0000,4.5000,-6.0000,0,0
1377,0.0000,4.5000,-6.0000,0,0
1378,0.0000,4.5000,-6.0000,0,0
1379,0.0000,4.5000,-6.0000,0,0
1380,0.0000,4.5000,-6.0000,0,0
1382,0.0000,4.5000,-6.0000,0,0
1384,0.0000,4.5000,-6.0000,0,0
1386,0.0000,4.5000,-6.0000,0,0
1387,0.0000,4.5000,-6.0000,0,0
1388,0.0000,4.5000,-6.0000,0,0
1389,0.0000,4.5000,-6.0000,0,0
1390,0.0000,4.5000,-6.0000,0,0
1391,0.0000,4.5000,-6.0000,0,0
1392,0.0000,4.5000,-6.0000,0,0
1393,0.0000,4.5000,-6.0000,0,0
1394,0.0000,4.5000,-6.0000,0,0
1396,0.0000,4.5000,-6.0000,0,0
1398,0.0000,4.5000,-6.0000,0,0
1400,0.0000,4.5000,-6.0000,0,0
1402,0.0000,4.5000,-6.0000,0,0
1403,0.0000,4.5000,-6.0000,0,0
1404,0.0000,4.5000,-6.0000,0,0
1405,0.0000,4.5000,-6.0000,0,0
1406,0.0000,4.5000,-6.0000,0,0
1407,0.0000,4.5000,-6.0000,0,0
1408,0.0000,4.5000,-6.0000,0,0
1409,0.0000,4.5000,-6.0000,0,0
1411,0.0000,4.5000,-6.0000,0,0
1413,0.0000,4.5000,-6.0000,0,0
1415,0.0000,4.5000,-6.0000,0,0
1417,0.0000,4.5000,-6.0000,0,0
1418,0.0000,4.5000,-6.0000,0,0
1419,0.0000,4.5000,-6.0000,0,0
1420,0.0000,4.5000,-6.0000,0,0
1421,0.0000,4.5000,-6.0000,0,0
1422,0.0000,4.5000,-6.0000,0,0
1423,0.0000,4.5000,-6.0000,0,0
1424,0.0000,4.5000,-6.0000,0,0
1426,0.0000,4.5000,-6.0000,0,0
1428,0.0000,4.5000,-6.0000,0,0
1430,0.0000,4.5000,-6.0000,0,0
1432,0.0000,4.5000,-6.0000,0,0
1433,0.0000,4.5000,-6.0000,0,0
1434,0.0000,4.5000,-6.0000,0,0
1435,0.0000,4.5000,-6.0000,0,0
1436,0.0000,4.5000,-6.0000,0,0
1437,0.0000,4.5000,-6.0000,0,0
1438,0.0000,4.5000,-6.0000,0,0
1439,0.0000,4.5000,-6.0000,0,0
1441,0.0000,4.5000,-6.0000,0,0
1443,0.0000,4.5000,-6.0000,0,0
1445,0.0000,4.5000,-6.0000,0,0
1446,0.0000,4.5000,-6.0000,0,0
1447,0.0000,4.5000,-6.0000,0,0
1448,0.0000,4.5000,-6.0000,0,0
1449,0.0000,4.5000,-6.0000,0,0
1450,0.0000,4.5000,-6.0000,0,0
1451,0.0000,4.5000,-6.0000,0,0
1452,0.0000,4.5000,-6.0000,0,0
1453,0.0000,4.5000,-6.0000,0,0
1455,0.0000,4.5000,-6.0000,0,0
1457,0.0000,4.5000,-6.0000,0,0
1459,0.0000,4.5000,-6.0000,0,0
1461,0.0000,4.5000,-6.0000,0,0
1462,0.0000,4.5000,-6.0000,0,0
1463,0.0000,4.5000,-6.0000,0,0
1464,0.0000,4.5000,-6.0000,0,0
1465,0.0000,4.5000,-6.0000,0,0
1466,0.0000,4.5000,-6.0000,0,0
1467,0.0000,4.5000,-6.0000,0,0
1469,0.0000,4.5000,-6.0000,0,0
1471,0.0000,4.5000,-6.0000,0,0
1473,0.0000,4.5000,-6.0000,0,0
1475,0.0000,4.5000,-6.0000,0,0
1476,0.0000,4.5000,-6.0000,0,0
1477,0.0000,4.5000,-6.0000,0,0
1478,-1.2000,1.7000,1.8000,1437,-26634
1479,-1.2000,1.7000,1.8000,1437,-26634
1480,-1.2000,1.7000,1.8000,1437,-26634
1481,-1.2000,1.7000,1.8000,1437,-26634
1483,-1.2000,1.7000,1.8000,1437,-26634
1485,-1.2000,1.7000,1.8000,1437,-26634
1487,-1.2000,1.7000,1.8000,1437,-26634
1489,-1.2000,1.7000,1.8000,1437,-26634
1490,-1.2000,1.7000,1.8000,1437,-26634
1491,-1.2000,1.7000,1.8000,1437,-26634
1492,-1.2000,1.7000,1.8000,1437,-26634
1493,-1.2000,1.7000,1.8000,1437,-26634
1494,-1.2000,1.7000,1.8000,1437,-26634
1495,-1.2000,1.7000,1.8000,1437,-26634
1496,-1.2000,1.7000,1.8000,1437,-26634
1498,-1.2000,1.7000,1.8000,1437,-26634
1500,-1.2000,1.7000,1.8000,1437,-26634
1502,-1.2000,1.7000,1.8000,1437,-26634
1504,-1.2000,1.7000,1.8000,1437,-26634
1505,-1.2000,1.7000,1.8000,1437,-26634
1506,-1.2000,1.7000,1.8000,1437,-26634
1507,-1.2000,1.7000,1.8000,1437,-26634
1508,-1.2000,1.7000,1.8000,1437,-26634
1509,-1.2000,1.7000,1.8000,1437,-26634
1510,-1.2000,1.7000,1.8000,1437,-26634
1512,-1.2000,1.7000,1.8000,1437,-26634
1514,-1.2000,1.7000,1.8000,1437,-26634
1516,-1.2000,1.7000,1.8000,1437,-26634
1518,-1.2000,1.7000,1.8000,1437,-26634
1519,-1.2000,1.7000,1.8000,1437,-26634
1520,-1.2000,1.7000,1.8000,1437,-26634
1521,-1.2000,1.7000,1.8000,1437,-26634
1522,-1.2000,1.7000,1.8000,1437,-26634
1523,-1.2000,1.7000,1.8000,1437,-26634
1524,-1.2000,1.7000,1.8000,1437,-26634
1526,-1.2000,1.7000,1.8000,1437,-26634
1528,-1.2000,1.7000,1.8000,1437,-26634
1530,-1.2000,1.7000,1.8000,1437,-26634
1532,-1.2000,1.7000,1.8000,1437,-26634
1533,-1.2000,1.7000,1.8000,1437,-26634
1534,-1.2000,1.7000,1.8000,1437,-26634
1535,-1.2000,1.7000,1.8000,1437,-26634
1536,-1.2000,1.7000,1.8000,1437,-26634
1537,-1.2000,1.7000,1.8000,1437,-26634
1538,-1.2000,1.7000,1.8000,1437,-26634
1540,-1.2000,1.7000,1.8000,1437,-26634
1542,-1.2000,1.7000,1.8000,1437,-26634
1545,-1.2000,1.7000,1.8000,1437,-26634
1546,-1.2000,1.7000,1.8000,1437,-26634
1547,-1.2000,1.7000,1.8000,1437,-26634
1548,-1.2000,1.7000,1.8000,1437,-26634
1549,-1.2000,1.7000,1.8000,1437,-26634
1550,-1.2000,1.7000,1.8000,1437,-26634
1551,-1.2000,1.7000,1.8000,1437,-26634
1552,-1.2000,1.7000,1.8000,1437,-26634
1554,-1.2000,1.7000,1.8000,1437,-26634
1556,-1.2000,1.7000,1.8000,1437,-26634
1558,-1.2000,1.7000,1.8000,1437,-26634
1560,-1.2000,1.7000,1.8000,1437,-26634
1561,-1.2000,1.7000,1.8000,1437,-26634
1562,-1.2000,1.7000,1.8000,1437,-26634
1563,-1.2000,1.7000,1.8000,1437,-26634
1564,-1.2000,1.7000,1.8000,1437,-26634
1565,-1.2000,1.7000,1.8000,1437,-26634
1566,-1.2000,1.7000,1.8000,1437,-26634
1568,-1.2000,1.7000,1.8000,1437,-26634
1570,-1.2000,1.7000,1.8000,1437,-26634
1572,-1.2000,1.7000,1.8000,1437,-26634
1574,-1.2000,1.7000,1.8000,1437,-26634
1575,-1.2000,1.7000,1.8000,1437,-26634
1576,-1.2000,1.7000,1.8000,1437,-26634
1577,-1.2000,1.7000,1.8000,1437,-26634
1578,-1.2000,1.7000,1.8000,1437,-26634
1579,-1.2000,1.7000,1.8000,1437,-26634
1580,-1.2000,1.7000,1.8000,1437,-26634
1581,-1.2000,1.7000,1.8000,1437,-26634
1583,-1.2000,1.7000,1.8000,1437,-26634
1585,-1.2000,1.7000,1.8000,1437,-26634
1587,-1.2000,1.7000,1.8000,1437,-26634
1589,-1.2000,1.7000,1.8000,1437,-26634
1590,-1.2000,1.7000,1.8000,1437,-26634
1591,-1.2000,1.7000,1.8000,1437,-26634
1592,-1.2000,1.7000,1.8000,1437,-26634
1593,-1.2000,1.7000,1.8000,1437,-26634
1594,-1.2000,1.7000,1.8000,1437,-26634
1595,-1.2000,1.7000,1.8000,1437,-26634
1597,-1.2000,1.7000,1.8000,1437,-26634
1600,-1.2000,1.7000,1.8000,1437,-26634
1602,-1.2000,1.7000,1.8000,1437,-26634
1604,-1.2000,1.7000,1.8000,1437,-26634
1605,-1.2000,1.7000,1.8000,1437,-26634
1606,-1.2000,1.7000,1.8000,1437,-26634
1607,-1.2000,1.7000,1.8000,1437,-26634
1608,-1.2000,1.7000,1.8000,1437,-26634
1609,-1.2000,1.7000,1.8000,1437,-26634
1610,-1.2000,1.7000,1.8000,1437,-26634
1612,-1.2000,1.7000,1.8000,1437,-26634
1614,-1.2000,1.7000,1.8000,1437,-26634
1616,-1.2000,1.7000,1.8000,1437,-26634
1618,-1.2000,1.7000,1.8000,1437,-26634
1619,-1.2000,1.7000,1.8000,1437,-26634
1620,-1.2000,1.7000,1.8000,1437,-26634
1621,-1.2000,1.7000,1.8000,1437,-26634
1622,-1.2000,1.7000,1.8000,1437,-26634
1623,-1.2000,1.7000,1.8000,1437,-26634
1624,-1.2000,1.7000,1.8000,1437,-26634
1626,-170.0000,2.0000,10.0000,2560,-16384
1628,-170.0000,2.0000,9.7000,2560,-16384
1630,-170.0000,2.0000,9.4000,2560,-16384
1631,-170.0000,2.0000,9.2500,2560,-16384
1632,-170.0000,2.0000,9.1000,2560,-16384
1633,-170.0000,2.0000,8.9500,2560,-16384
1634,-170.0000,2.0000,8.8000,2560,-16384
1635,-170.0000,2.0000,8.6500,2560,-16384
1636,-170.0000,2.0000,8.5000,2560,-16384
1637,-170.0000,2.0000,8.3500,2560,-16384
1638,-170.0000,2.0000,8.2000,2560,-16384
1639,-170.0000,2.0000,8.0500,2560,-16384
1640,-170.0000,2.0000,7.9000,2560,-16384
1642,-170.0000,2.0000,7.6000,2560,-16384
1644,-170.0000,2.0000,7.3000,2560,-16384
1646,-170.0000,2.0000,7.0000,2560,-16384
1648,-170.0000,2.0000,6.7000,2560,-16384
1649,-170.0000,2.0000,6.5500,2560,-16384
1650,-170.0000,2.0000,6.4000,2560,-16384
1651,-170.0000,2.0000,6.2500,2560,-16384
1652,-170.0000,2.0000,6.1000,2560,-16384
1653,-170.0000,2.0000,5.9500,2560,-16384
1654,-170.0000,2.0000,5.8000,2560,-16384
1656,-170.0000,2.0000,5.5000,2560,-16384
1658,-170.0000,2.0000,5.2000,2560,-16384
1660,-170.0000,2.0000,4.9000,2560,-16384
1661,-170.0000,2.0000,4.7500,2560,-16384
1662,-170.0000,2.0000,4.6000,2560,-16384
1663,-170.0000,2.0000,4.4500,2560,-16384
1664,-170.0000,2.0000,4.3000,2560,-16384
1665,-170.0000,2.0000,4.1500,2560,-16384
1666,-170.0000,2.0000,4.0000,2560,-16384
1667,-170.0000,2.0000,3.8500,2560,-16384
1668,-170.0000,2.0000,3.7000,2560,-16384
1669,-170.0000,2.0000,3.5500,2560,-16384
1671,-170.0000,2.0000,3.2500,2560,-16384
1673,-170.0000,2.0000,2.9500,2560,-16384
1675,-170.0000,2.0000,2.6500,2560,-16384
1676,-170.0000,2.0000,2.5000,2560,-16384
1677,-170.0000,2.0000,2.3500,2560,-16384
1678,-170.0000,2.0000,2.2000,2560,-16384
1679,-170.0000,2.0000,2.0500,2560,-16384
1680,-170.0000,2.0000,1.9000,2560,-16384
1681,-170.0000,2.0000,1.7500,2560,-16384
1682,-170.0000,2.0000,1.6000,2560,-16384
1683,-170.0000,2.0000,1.4500,2560,-16384
1685,-170.0000,2.0000,1.1500,2560,-16384
1687,-170.0000,2.0000,0.8500,2560,-16384
1689,-170.0000,2.0000,0.5500,2560,-16384
1690,-170.0000,2.0000,0.4000,2560,-16384
1691,-10.9000,5.3994,-24.9995,0,-32768
1692,-10.9000,5.3976,-24.9980,0,-32768
1693,-10.9000,5.3946,-24.9955,0,-32768
1694,-10.9000,5.3905,-24.9920,0,-32768
1695,-10.9000,5.3853,-24.9875,0,-32768
1696,-10.9000,5.3789,-24.9821,0,-32768
1697,-10.9000,5.3715,-24.9758,0,-32768
1699,-10.9000,5.3534,-24.9604,0,-32768
1702,-10.9000,5.3184,-24.9308,0,-32768
1704,-10.9000,5.2902,-24.9068,0,-32768
1705,-10.9000,5.2747,-24.8937,0,-32768
1706,-10.9000,5.2582,-24.8797,0,-32768
1707,-10.9000,5.2408,-24.8650,0,-32768
1708,-10.9000,5.2226,-24.8495,0,-32768
1709,-10.9000,5.2035,-24.8332,0,-32768
1710,-10.9000,5.1835,-24.8163,0,-32768
1711,-10.9000,5.1627,-24.7986,0,-32768
1713,-10.9000,5.1186,-24.7613,0,-32768
1715,-10.9000,5.0715,-24.7213,0,-32768
1717,-10.9000,5.0214,-24.6788,0,-32768
1719,-10.9000,4.9686,-24.6339,0,-32768
1720,-10.9000,4.9411,-24.6107,0,-32768
1721,-10.9000,4.9131,-24.5869,0,-32768
1722,-10.9000,4.8844,-24.5625,0,-32768
1723,-10.9000,4.8551,-24.5376,0,-32768
1724,-10.9000,4.8252,-24.5123,0,-32768
1725,-10.9000,4.7947,-24.4864,0,-32768
1727,-10.9000,4.7322,-24.4334,0,-32768
1730,-10.9000,4.6346,-24.3506,0,-32768
1732,-10.9000,4.5673,-24.2934,0,-32768
1733,-10.9000,4.5330,-24.2643,0,-32768
1734,-10.9000,4.4983,-24.2349,0,-32768
1735,-10.9000,4.4632,-24.2051,0,-32768
1736,-10.9000,4.4277,-24.1751,0,-32768
1737,-10.9000,4.3920,-24.1447,0,-32768
1738,-10.9000,4.3559,-24.1141,0,-32768
1739,-10.9000,4.3195,-24.0832,0,-32768
1741,-10.9000,4.2458,-24.0207,0,-32768
1743,-10.9000,4.1712,-23.9574,0,-32768
1745,-10.9000,4.0958,-23.8934,0,-32768
1747,-10.9000,4.0196,-23.8288,0,-32768
1748,-10.9000,3.9814,-23.7963,0,-32768
1749,-10.9000,3.9430,-23.7637,0,-32768
1750,-10.9000,3.9045,-23.7311,0,-32768
1751,-10.9000,3.8659,-23.6984,0,-32768
1752,-10.9000,3.8273,-23.6656,0,-32768
1753,-10.9000,3.7887,-23.6328,0,-32768
1755,-10.9000,3.7113,-23.5672,0,-32768
1757,-10.9000,3.6341,-23.5016,0,-32768
1759,-10.9000,3.5570,-23.4363,0,-32768
1761,-10.9000,3.4804,-23.3712,0,-32768
1762,-10.9000,3.4422,-23.3389,0,-32768
1763,-10.9000,3.4042,-23.3066,0,-32768
1764,-10.9000,3.3664,-23.2745,0,-32768
1765,-10.9000,3.3288,-23.2426,0,-32768
1766,-10.9000,3.2914,-23.2109,0,-32768
1768,-10.9000,3.2172,-23.1480,0,-32768
1770,-10.9000,3.1441,-23.0859,0,-32768
1772,-10.9000,3.0723,-23.0249,0,-32768
1774,-10.9000,3.0017,-22.9651,0,-32768
1775,-10.9000,2.9670,-22.9357,0,-32768
1776,-10.9000,2.9327,-22.9066,0,-32768
1777,-10.9000,2.8988,-22.8778,0,-32768
1778,-10.9000,2.8654,-22.8494,0,-32768
1779,-10.9000,2.8324,-22.8214,0,-32768
1780,-10.9000,2.7998,-22.7938,0,-32768
1781,-10.9000,2.7678,-22.7666,0,-32768
1782,-10.9000,2.7363,-22.7399,0,-32768
1784,-10.9000,2.6748,-22.6877,0,-32768
1786,-10.9000,2.6156,-22.6375,0,-32768
1788,-10.9000,2.5589,-22.5893,0,-32768
1790,-10.9000,2.5046,-22.5433,0,-32768
1791,-10.9000,2.4786,-22.5212,0,-32768
1792,-10.9000,2.4532,-22.4996,0,-32768
1793,-10.9000,2.4285,-22.4787,0,-32768
1794,-10.9000,2.4045,-22.4584,0,-32768
1795,-10.9000,2.3814,-22.4387,0,-32768
1796,-10.9000,2.3589,-22.4197,0,-32768
1797,-10.9000,2.3373,-22.4014,0,-32768
1798,-10.9000,2.3165,-22.3837,0,-32768
1800,-10.9000,2.2774,-22.3505,0,-32768
1802,-10.9000,2.2418,-22.3203,0,-32768
1804,-10.9000,2.2098,-22.2932,0,-32768
1806,-10.9000,2.1816,-22.2692,0,-32768
1807,-10.9000,2.1689,-22.2585,0,-32768
1808,-10.9000,2.1573,-22.2486,0,-32768
1809,-10.9000,2.1466,-22.2396,0,-32768
1810,-10.9000,2.1371,-22.2314,0,-32768
1811,-10.9000,2.1285,-22.2242,0,-32768
1812,-10.9000,2.1211,-22.2179,0,-32768
1814,-10.9000,2.1095,-22.2080,0,-32768
1816,-10.9000,2.1024,-22.2020,0,-32768
1818,-10.9000,2.1000,-22.2000,0,-32768
1820,-10.8992,2.1000,-22.2155,-42,32714
1821,-10.8983,2.1000,-22.2346,-66,32685
1822,-10.8970,2.1000,-22.2609,-90,32654
1823,-10.8954,2.1000,-22.2943,-116,32620
1824,-10.8935,2.1000,-22.3346,-143,32584
1825,-10.8914,2.1000,-22.3814,-172,32546
1826,-10.8890,2.1000,-22.4347,-202,32506
1827,-10.8864,2.1000,-22.4942,-234,32464
1829,-10.8808,2.1000,-22.6310,-306,32372
1831,-10.8746,2.1000,-22.7900,-392,32259
1833,-10.8681,2.1000,-22.9697,-497,32118
1835,-10.8615,2.1000,-23.1682,-626,31938
1836,-10.8583,2.1000,-23.2740,-704,31829
1838,-10.8519,2.1000,-23.4977,-892,31563
1839,-10.8489,2.1000,-23.6152,-1009,31398
1840,-10.8460,2.1000,-23.7361,-1145,31205
1841,-10.8432,2.1000,-23.8603,-1306,30976
1842,-10.8406,2.1000,-23.9875,-1499,30703
1844,-10.8361,2.1000,-24.2502,-2021,29957
1846,-10.8327,2.1000,-24.5224,-2846,28751
1848,-10.8304,2.1000,-24.8025,-4254,26427
1850,-10.8296,2.1000,-25.0889,-6279,21133
1851,-10.8298,2.1000,-25.2339,-6604,19353
1852,-10.8316,2.1000,-25.5263,-6774,15299
1853,-10.8316,2.1000,-25.5263,-6774,15299
1854,-10.8332,2.1000,-25.6734,-6577,13315
1855,-10.8353,2.1000,-25.8208,-6239,11536
1856,-10.8380,2.1000,-25.9683,-5824,10017
1857,-10.8412,2.1000,-26.1156,-5386,8754
1859,-10.8495,2.1000,-26.4089,-4571,6856
1861,-10.8603,2.1000,-26.6991,-3903,5539
1863,-10.8739,2.1000,-26.9845,-3378,4572
1865,-10.8905,2.1000,-27.2635,-2963,3809
1866,-10.9000,2.1000,-27.4000,-2789,3489
1867,-10.9119,2.1000,-27.5298,-2641,3206
1868,-10.9278,2.1000,-27.6487,-2518,2955
1869,-10.9474,2.1000,-27.7571,-2417,2733
1870,-10.9706,2.1000,-27.8552,-2333,2534
1871,-10.9973,2.1000,-27.9434,-2263,2349
1873,-11.0600,2.1000,-28.0916,-2158,2004
1875,-11.1341,2.1000,-28.2046,-2088,1678
1877,-11.2183,2.1000,-28.2851,-2045,1353
1879,-11.3110,2.1000,-28.3360,-2022,1019
1880,-11.3601,2.1000,-28.3512,-2016,844
1881,-11.4108,2.1000,-28.3601,-2013,663
1882,-11.4630,2.1000,-28.3630,-2011,471
1883,-11.5163,2.1000,-28.3602,-2011,265
1884,-11.5708,2.1000,-28.3521,-2013,50
1885,-11.6261,2.1000,-28.3392,-2017,-172
1886,-11.6820,2.1000,-28.3216,-2023,-397
1888,-11.7954,2.1000,-28.2741,-2048,-843
1890,-11.9094,2.1000,-28.2125,-2085,-1279
1892,-12.0225,2.1000,-28.1396,-2131,-1721
1894,-12.1334,2.1000,-28.0583,-2183,-2173
1895,-12.1875,2.1000,-28.0153,-2211,-2403
1896,-12.2406,2.1000,-27.9713,-2240,-2636
1897,-12.2923,2.1000,-27.9266,-2268,-2872
1898,-12.3426,2.1000,-27.8815,-2296,-3110
1899,-12.3912,2.1000,-27.8364,-2279,-3294
1900,-12.4380,2.1000,-27.7917,-2260,-3487
1901,-12.4828,2.1000,-27.7477,-2235,-3695
1903,-12.5656,2.1000,-27.6631,-2167,-4148
1906,-12.6703,2.1000,-27.5505,-2035,-4836
1908,-12.7249,2.1000,-27.4889,-1929,-5229
1909,-12.7471,2.1000,-27.4632,-1868,-5400
1910,-12.7656,2.1000,-27.4414,-1800,-5551
1911,-12.7804,2.1000,-27.4238,-1724,-5677
1912,-12.7912,2.1000,-27.4108,-1638,-5773
1913,-12.7978,2.1000,-27.4028,-1542,-5833
1914,-12.8000,2.1000,-27.4000,-1433,-5850
1915,-12.8000,2.1000,-27.4000,-1310,-5843
1917,-12.8000,2.1000,-27.4000,-1023,-5836
1919,-12.8000,2.1000,-27.4000,-659,-5845
1921,-12.8000,2.1000,-27.4000,-187,-5883
1923,-12.8000,2.1000,-27.4000,430,-5941
1924,-12.8000,2.1000,-27.4000,812,-5969
1925,-12.8000,2.1000,-27.4000,1258,-5993
1926,-12.8000,2.1000,-27.4000,1787,-6013
1927,-12.8000,2.1000,-27.4000,2421,-6032
1928,-12.8000,2.1000,-27.4000,3190,-6055
1929,-12.8000,2.1000,-27.4000,4129,-6086
1930,-12.8000,2.1000,-27.4000,5282,-6133
1932,-12.8000,2.1000,-27.4000,5282,-6133
1934,-12.8000,2.1000,-27.4000,5282,-6133
1936,-12.8000,2.1000,-27.4000,5282,-6133
1938,-12.8000,2.1000,-27.4000,5282,-6133
1939,-12.8000,2.1000,-27.4000,5282,-6133
1940,-12.8000,2.1000,-27.4000,5282,-6133
1941,-12.8000,2.1000,-27.4000,5282,-6133
1942,-12.8000,2.1000,-27.4000,5282,-6133
1943,-12.8000,2.1000,-27.4000,5282,-6133
1944,-12.8000,2.1000,-27.4000,5282,-6133
1946,-12.8000,2.1000,-27.4000,5282,-6133
1948,-12.8000,2.1000,-27.4000,5282,-6133
1950,-12.8000,2.1000,-27.4000,5282,-6133
1952,-12.8000,2.1000,-27.4000,5282,-6133
1953,-12.8000,2.1000,-27.4000,5282,-6133
1954,-12.8000,2.1000,-27.4000,5282,-6133
1955,-12.8000,2.1000,-27.4000,5282,-6133
1956,-12.8000,2.1000,-27.4000,5282,-6133
1957,-12.8000,2.1000,-27.4000,5282,-6133
1958,-12.8000,2.1000,-27.4000,5282,-6133
1960,-12.8000,2.1000,-27.4000,5282,-6133
1962,-12.8000,2.1000,-27.4000,5282,-6133
1964,-12.8000,2.1000,-27.4000,5282,-6133
1966,-12.8000,2.1000,-27.4000,5282,-6133
1967,-12.8000,2.1000,-27.4000,5282,-6133
1968,-12.8000,2.1000,-27.4000,5282,-6133
1969,-12.8000,2.1000,-27.4000,5282,-6133
1970,-12.8000,2.1000,-27.4000,5282,-6133
1971,-12.8000,2.1000,-27.4000,5282,-6133
1972,-12.8000,2.1000,-27.4000,5282,-6133
1973,-12.8000,2.1000,-27.4000,5282,-6133
1975,-12.8000,2.1000,-27.4000,5282,-6133
1977,-12.8000,2.1000,-27.4000,5282,-6133
1979,-12.8000,2.1000,-27.4000,5282,-6133
1980,-12.8000,2.1000,-27.4000,5282,-6133
1981,-12.8000,2.1000,-27.4000,5282,-6133
1982,-12.8000,2.1000,-27.4000,5282,-6133
1983,-12.8000,2.1000,-27.4000,5282,-6133
1984,-12.8000,2.1000,-27.4000,5282,-6133
1985,-12.8000,2.1000,-27.4000,5282,-6133
1986,-12.8000,2.1000,-27.4000,5282,-6133
1987,-12.8000,2.1000,-27.4000,5282,-6133
1989,-12.8000,2.1000,-27.4000,5282,-6133
1991,-12.8000,2.1000,-27.4000,5282,-6133
1993,-12.8000,2.1000,-27.4000,5282,-6133
1995,-12.8000,2.1000,-27.4000,5282,-6133
1996,-12.8000,2.1000,-27.4000,5282,-6133
1997,-12.8000,2.1000,-27.4000,5282,-6133
1998,-12.8000,2.1000,-27.4000,5282,-6133
1999,-12.8000,2.1000,-27.4000,5282,-6133
2000,-12.8000,2.1000,-27.4000,5282,-6133
2001,-12.8000,2.1000,-27.4000,5282,-6133
2002,-12.8000,2.1000,-27.4000,5282,-6133
2004,-12.8000,2.1000,-27.4000,5282,-6133
2006,-12.8000,2.1000,-27.4000,5282,-6133
2008,-12.8000,2.1000,-27.4000,5282,-6133
2010,-12.8000,2.1000,-27.4000,5282,-6133
2011,17.4000,28.0600,7.5000,0,-20480
2012,17.4000,28.0600,7.5000,0,-20480
2013,17.4000,28.0900,7.5000,0,-20480
2014,17.4000,28.1200,7.5000,0,-20480
2015,17.4000,28.1500,7.5000,0,-20480
2016,17.4000,28.1800,7.5000,0,-20480
2018,17.4000,28.2400,7.5000,0,-20480
2020,17.4000,28.3000,7.5000,0,-20480
2022,17.4000,28.3600,7.5000,0,-20480
2023,17.4000,28.3900,7.5000,0,-20480
2024,17.4000,28.4200,7.5000,0,-20480
2025,17.4000,28.4500,7.5000,0,-20480
2026,17.4000,28.4800,7.5000,0,-20480
2027,17.4000,28.5100,7.5000,0,-20480
2028,17.4000,28.5400,7.5000,0,-20480
2029,17.4000,28.5700,7.5000,0,-20480
2031,17.4000,28.6300,7.5000,0,-20480
2033,17.4000,28.6900,7.5000,0,-20480
2035,17.4000,28.7500,7.5000,0,-20480
2037,17.4000,28.8100,7.5000,0,-20480
2038,17.4000,28.8400,7.5000,0,-20480
2039,17.4000,28.8700,7.5000,0,-20480
2040,17.4000,28.9000,7.5000,0,-20480
2041,17.4000,28.9300,7.5000,0,-20480
2042,17.4000,28.9600,7.5000,0,-20480
2043,17.4000,28.9900,7.5000,0,-20480
2044,17.4000,29.0200,7.5000,0,-20480
2046,17.4000,29.0800,7.5000,0,-20480
2048,17.4000,29.1400,7.5000,0,-20480
2050,17.4000,29.2000,7.5000,0,-20480
2051,17.4000,29.2300,7.5000,0,-20480
2052,17.4000,29.2600,7.5000,0,-20480
2053,17.4000,29.2900,7.5000,0,-20480
2054,17.4000,29.3200,7.5000,0,-20480
2055,17.4000,29.3500,7.5000,0,-20480
2056,17.4000,29.3800,7.5000,0,-20480
2057,17.4000,29.4100,7.5000,0,-20480
2059,17.4000,29.4700,7.5000,0,-20480
2061,17.4000,29.5300,7.5000,0,-20480
2063,17.4000,29.5900,7.5000,0,-20480
2065,17.4000,29.6500,7.5000,0,-20480
2066,17.4000,29.6800,7.5000,0,-20480
2067,17.4000,29.7100,7.5000,0,-20480
2068,17.4000,29.7400,7.5000,0,-20480
2069,17.4000,29.7700,7.5000,0,-20480
2070,17.4000,29.8000,7.5000,0,-20480
2071,17.4000,29.8300,7.5000,0,-20480
2072,17.4000,29.8600,7.5000,0,-20480
2074,17.4000,29.9200,7.5000,0,-20480
2076,17.4000,29.9800,7.5000,0,-20480
2078,17.4000,30.0400,7.5000,0,-20480
2080,17.4000,30.1000,7.5000,0,-20480
2081,17.4000,30.1300,7.5000,0,-20480
2082,17.4000,30.1600,7.5000,0,-20480
2083,17.4000,30.1901,7.5000,0,-20480
2084,17.4000,30.2201,7.5000,0,-20480
2085,17.4000,30.2501,7.5000,0,-20480
2086,17.4000,30.2801,7.5000,0,-20480
2087,17.4000,30.3101,7.5000,0,-20480
2089,17.4000,30.3701,7.5000,0,-20480
2091,17.4000,30.4301,7.5000,0,-20480
2093,17.4000,30.4901,7.5000,0,-20480
2094,17.4000,30.5201,7.5000,0,-20480
2096,17.4000,30.5801,7.5000,0,-20480
2097,17.4000,30.6101,7.5000,0,-20480
2098,17.4000,30.6401,7.5000,0,-20480
2099,17.4000,30.6701,7.5000,0,-20480
2100,17.4000,30.7001,7.5000,0,-20480
2101,17.4000,30.7301,7.5000,0,-20480
2103,17.4000,30.7901,7.5000,0,-20480
2105,17.4000,30.8501,7.5000,0,-20480
2107,17.4000,30.9101,7.5000,0,-20480
2108,17.4000,30.9401,7.5000,0,-20480
2109,17.4000,30.9701,7.5000,0,-20480
2110,17.4000,31.0001,7.5000,0,-20480
2111,17.4000,31.0301,7.5000,0,-20480
2112,17.4000,31.0601,7.5000,0,-20480
2113,17.4000,31.0901,7.5000,0,-20480
2114,17.4000,31.1201,7.5000,0,-20480
2116,17.4000,31.1801,7.5000,0,-20480
2118,17.4000,31.2401,7.5000,0,-20480
2120,17.4000,31.3001,7.5000,0,-20480
2122,17.4000,31.3601,7.5000,0,-20480
2123,17.4000,31.3901,7.5000,0,-20480
2124,17.4000,31.4201,7.5000,0,-20480
2125,17.4000,31.4501,7.5000,0,-20480
2126,17.4000,31.4801,7.5000,0,-20480
2127,17.4000,31.5101,7.5000,0,-20480
2128,17.4000,31.5401,7.5000,0,-20480
2129,17.4000,31.5701,7.5000,0,-20480
2131,17.4000,31.6301,7.5000,0,-20480
2133,17.4000,31.6901,7.5000,0,-20480
2135,17.4000,31.7501,7.5000,0,-20480
2136,17.4000,31.7801,7.5000,0,-20480
2137,17.4000,31.8101,7.5000,0,-20480
2138,17.4000,31.8401,7.5000,0,-20480
2139,17.4000,31.8701,7.5000,0,-20480
2140,17.4000,31.9001,7.5000,0,-20480
2141,17.4000,31.9301,7.5000,0,-20480
2142,17.4000,31.9601,7.5000,0,-20480
2144,17.4000,32.0201,7.5000,0,-20480
2146,17.4000,32.0801,7.5000,0,-20480
2148,17.4000,32.1401,7.5000,0,-20480
2150,17.4000,32.2001,7.5000,0,-20480
2151,17.4000,32.2301,7.5000,0,-20480
2152,17.4000,32.2601,7.5000,0,-20480
2153,17.4000,32.2901,7.5000,0,-20480
2154,17.4000,32.3201,7.5000,0,-20480
2155,17.4000,32.3501,7.5000,0,-20480
2156,17.4000,32.3801,7.5000,0,-20480
2157,17.4000,32.4101,7.5000,0,-20480
2159,17.4000,32.4701,7.5000,0,-20480
2161,17.4000,32.5301,7.5000,0,-20480
2163,17.4000,32.5901,7.5000,0,-20480
2165,17.4000,32.6501,7.5000,0,-20480
2167,17.4000,32.7101,7.5000,0,-20480
2168,17.4000,32.7401,7.5000,0,-20480
2169,17.4000,32.7701,7.5000,0,-20480
2170,17.4000,32.8001,7.5000,0,-20480
2171,17.4000,32.8301,7.5000,0,-20480
2174,17.4000,32.9201,7.5000,0,-20480
2176,17.4000,32.9801,7.5000,0,-20480
2178,17.4000,33.0401,7.5000,0,-20480
2179,17.4000,33.0700,7.5000,0,-20480
2180,17.4000,33.1000,7.5000,0,-20480
2181,17.4000,33.1300,7.5000,0,-20480
2182,17.4000,33.1600,7.5000,0,-20480
2183,17.4000,33.1900,7.5000,0,-20480
2184,17.4000,33.2200,7.5000,0,-20480
2185,17.4000,33.2500,7.5000,0,-20480
2187,17.4000,33.3100,7.5000,0,-20480
2189,17.4000,33.3700,7.5000,0,-20480
2191,17.4000,33.4300,7.5000,0,-20480
2193,17.4000,33.4900,7.5000,0,-20480
2194,17.4000,33.5200,7.5000,0,-20480
2195,17.4000,33.5500,7.5000,0,-20480
2196,17.4000,33.5800,7.5000,0,-20480
2197,17.4000,33.6100,7.5000,0,-20480
2198,17.4000,33.6400,7.5000,0,-20480
2199,17.4000,33.6700,7.5000,0,-20480
2201,17.4000,33.7300,7.5000,0,-20480
2203,-1.9973,21.9944,-17.7000,-764,-10750
2205,-1.9765,21.9501,-17.7000,-925,-10793
2207,-1.9356,21.8633,-17.7000,-1075,-10833
2208,-1.9079,21.8046,-17.7000,-1146,-10853
2210,-1.8387,21.6576,-17.7000,-1282,-10890
2211,-1.7973,21.5699,-17.7000,-1346,-10908
2212,-1.7516,21.4729,-17.7000,-1408,-10925
2213,-1.7017,21.3670,-17.7000,-1468,-10942
2214,-1.6477,21.2523,-17.7000,-1526,-10958
2215,-1.5896,21.1292,-17.7000,-1582,-10974
2217,-1.4620,20.8583,-17.7000,-1687,-11004
2219,-1.3197,20.5563,-17.7000,-1784,-11033
2221,-1.1635,20.2251,-17.7000,-1875,-11060
2222,-1.0806,20.0490,-17.7000,-1917,-11073
2223,-0.9945,19.8664,-17.7000,-1958,-11086
2224,-0.9055,19.6774,-17.7000,-1997,-11098
2225,-0.8135,19.4823,-17.7000,-2035,-11110
2226,-0.7188,19.2812,-17.7000,-2071,-11122
2227,-0.6213,19.0746,-17.7000,-2106,-11133
2228,-0.5214,18.8624,-17.7000,-2139,-11144
2229,-0.4190,18.6451,-17.7000,-2171,-11155
2231,-0.2072,18.1958,-17.7000,-2232,-11176
2233,0.0129,17.7286,-17.7000,-2287,-11196
2235,0.2407,17.2454,-17.7000,-2339,-11216
2236,0.3571,16.9983,-17.7000,-2363,-11226
2237,0.4751,16.7480,-17.7000,-2387,-11236
2238,0.5945,16.4945,-17.7000,-2410,-11245
2239,0.7153,16.2383,-17.7000,-2432,-11255
2240,0.8373,15.9794,-17.7000,-2454,-11265
2241,0.9604,15.7182,-17.7000,-2475,-11274
2242,1.0845,15.4549,-17.7000,-2496,-11284
2244,1.3353,14.9228,-17.7000,-2538,-11305
2246,1.5887,14.3850,-17.7000,-2581,-11326
2248,1.8439,13.8434,-17.7000,-2626,-11349
2250,2.1000,13.3000,-17.7000,-2674,-11375
2251,2.2281,13.0282,-17.7000,-2700,-11389
2252,2.3561,12.7566,-17.7000,-2728,-11403
2253,2.4839,12.4854,-17.7000,-2758,-11419
2254,2.6113,12.2150,-17.7000,-2790,-11436
2255,2.7383,11.9455,-17.7000,-2825,-11454
2256,2.8647,11.6772,-17.7000,-2864,-11474
2258,3.1155,11.1451,-17.7000,-2953,-11519
2260,3.3627,10.6206,-17.7000,-3064,-11573
2262,3.6055,10.1055,-17.7000,-3202,-11639
2264,3.8429,9.6017,-17.7000,-3376,-11721
2265,3.9593,9.3546,-17.7000,-3481,-11769
2266,4.0741,9.1111,-17.7000,-3599,-11824
2267,4.1871,8.8714,-17.7000,-3734,-11885
2268,4.2981,8.6356,-17.7000,-3887,-11955
2269,4.4072,8.4042,-17.7000,-4061,-12034
2270,4.5142,8.1772,-17.7000,-4260,-12125
2272,4.7214,7.7376,-17.7000,-4748,-12351
2274,4.9187,7.3187,-17.7000,-5388,-12659
2276,5.1055,6.9226,-17.7000,-6227,-13092
2278,5.2806,6.5510,-17.7000,-7316,-13730
2279,5.3635,6.3749,-17.7000,-7965,-14168
2280,5.4433,6.2058,-17.7000,-8681,-14723
2281,5.5197,6.0437,-17.7000,-9455,-15440
2282,5.5926,5.8889,-17.7000,-10265,-16384
2283,5.6620,5.7417,-17.7000,-10265,-16384
2284,5.7277,5.6022,-17.7000,-10265,-16384
2285,5.7896,5.4708,-17.7000,-10265,-16384
2286,5.8477,5.3477,-17.7000,-10265,-16384
2288,5.9516,5.1271,-17.7000,-10265,-16384
2290,6.0387,4.9424,-17.7000,-10265,-16384
2292,6.1079,4.7954,-17.7000,-10265,-16384
2294,6.1585,4.6881,-17.7000,-10265,-16384
2295,6.1765,4.6499,-17.7000,-10265,-16384
2296,6.1895,4.6223,-17.7000,-10265,-16384
2297,6.1973,4.6056,-17.7000,-10265,-16384
2298,6.2000,4.6000,-17.7000,-10265,-16384
2299,6.2000,4.6000,-17.7000,-10265,-16384
2300,6.2000,4.6000,-17.7000,-10265,-16384
2302,6.2000,4.6000,-17.7000,-10265,-16384
2304,6.2000,4.6000,-17.7000,-10265,-16384
2306,6.2000,4.6000,-17.7000,-10265,-16384
2308,6.2000,4.6000,-17.7000,-10265,-16384
2309,6.2000,4.6000,-17.7000,-10265,-16384
2310,6.2000,4.6000,-17.7000,-10265,-16384
2311,6.2000,4.6000,-17.7000,-10265,-16384
2312,6.2000,4.6000,-17.7000,-10265,-16384
2313,6.2000,4.6000,-17.7000,-10265,-16384
2314,6.2000,4.6000,-17.7000,-10265,-16384
2315,6.2000,4.6000,-17.7000,-10265,-16384
2317,6.2000,4.6000,-17.7000,-10265,-16384
2319,6.2000,4.6000,-17.7000,-10265,-16384
2321,6.2000,4.6000,-17.7000,-10265,-16384
2322,6.2000,4.6000,-17.7000,-10265,-16384
2323,6.2000,4.6000,-17.7000,-10265,-16384
2324,6.2000,4.6000,-17.7000,-10265,-16384
2325,6.2000,4.6000,-17.7000,-10265,-16384
2326,6.2000,4.6000,-17.7000,-10265,-16384
2327,6.2000,4.6000,-17.7000,-10265,-16384
2328,6.2000,4.6000,-17.7000,-10265,-16384
2329,6.2000,4.6000,-17.7000,-10265,-16384
2331,6.2000,4.6000,-17.7000,-10265,-16384
2333,6.2000,4.6000,-17.7000,-10265,-16384
2335,6.2000,4.6000,-17.7000,-10265,-16384
2336,6.2000,4.6000,-17.7000,-10265,-16384
2337,6.2000,4.6000,-17.7000,-10265,-16384
2338,6.2000,4.6000,-17.7000,-10265,-16384
2339,6.2000,4.6000,-17.7000,-10265,-16384
2340,6.2000,4.6000,-17.7000,-10265,-16384
2341,6.2000,4.6000,-17.7000,-10265,-16384
2342,6.2000,4.6000,-17.7000,-10265,-16384
2344,6.2000,4.6000,-17.7000,-10265,-16384
2346,6.2000,4.6000,-17.7000,-10265,-16384
2348,6.2000,4.6000,-17.7000,-10265,-16384
2350,6.2000,4.6000,-17.7000,-10265,-16384
2351,6.2000,4.6000,-17.7000,-10265,-16384
2352,6.2000,4.6000,-17.7000,-10265,-16384
2353,6.2000,4.6000,-17.7000,-10265,-16384
2354,6.2000,4.6000,-17.7000,-10265,-16384
2355,6.2000,4.6000,-17.7000,-10265,-16384
2356,6.2000,4.6000,-17.7000,-10265,-16384
2357,6.2000,4.6000,-17.7000,-10265,-16384
2359,6.2000,4.6000,-17.7000,-10265,-16384
2361,6.2000,4.6000,-17.7000,-10265,-16384
2363,6.2000,4.6000,-17.7000,-10265,-16384
2365,6.2000,4.6000,-17.7000,-10265,-16384
2366,6.2000,4.6000,-17.7000,-10265,-16384
2367,6.2000,4.6000,-17.7000,-10265,-16384
2368,6.2000,4.6000,-17.7000,-10265,-16384
2369,6.2000,4.6000,-17.7000,-10265,-16384
2370,6.2000,4.6000,-17.7000,-10265,-16384
2371,6.2000,4.6000,-17.7000,-10265,-16384
2373,6.2000,4.6000,-17.7000,-10265,-16384
2375,6.2000,4.6000,-17.7000,-10265,-16384
2377,6.2000,4.6000,-17.7000,-10265,-16384
2378,6.2000,4.6000,-17.7000,-10265,-16384
2379,6.2000,4.6000,-17.7000,-10265,-16384
2380,6.2000,4.6000,-17.7000,-10265,-16384
2381,6.2000,4.6000,-17.7000,-10265,-16384
2382,6.2000,4.6000,-17.7000,-10265,-16384
2383,6.2000,4.6000,-17.7000,-10265,-16384
2384,6.2000,4.6000,-17.7000,-10265,-16384
2385,6.2000,4.6000,-17.7000,-10265,-16384
2387,6.2000,4.6000,-17.7000,-10265,-16384
2389,6.2000,4.6000,-17.7000,-10265,-16384
2391,6.2000,4.6000,-17.7000,-10265,-16384
2393,6.2000,4.6000,-17.7000,-10265,-16384
2394,6.2000,4.6000,-17.7000,-10265,-16384
2395,6.2000,4.6000,-17.7000,-10265,-16384
2397,6.2000,4.6000,-17.7000,-10265,-16384
2399,6.2000,4.6000,-17.7000,-10265,-16384
2400,6.2000,4.6000,-17.7000,-10265,-16384
2401,6.2000,4.6000,-17.7000,-10265,-16384
2402,6.2000,4.6000,-17.7000,-10265,-16384
2403,6.2000,4.6000,-17.7000,-10265,-16384
2404,6.2000,4.6000,-17.7000,-10265,-16384
2405,6.2000,4.6000,-17.7000,-10265,-16384
2406,6.2000,4.6000,-17.7000,-10265,-16384
2407,6.2000,4.6000,-17.7000,-10265,-16384
2409,6.2000,4.6000,-17.7000,-10265,-16384
2411,6.2000,4.6000,-17.7000,-10265,-16384
2413,6.2000,4.6000,-17.7000,-10265,-16384
2415,6.2000,4.6000,-17.7000,-10265,-16384
2416,6.2000,4.6000,-17.7000,-10265,-16384
2417,6.2000,4.6000,-17.7000,-10265,-16384
2418,6.2000,4.6000,-17.7000,-10265,-16384
2419,6.2000,4.6000,-17.7000,-10265,-16384
2420,6.2000,4.6000,-17.7000,-10265,-16384
2421,6.2000,4.6000,-17.7000,-10265,-16384
2422,6.2000,4.6000,-17.7000,-10265,-16384
2423,6.2000,4.6000,-17.7000,-10265,-16384
2424,6.2000,4.6000,-17.7000,-10265,-16384
2426,6.2000,4.6000,-17.7000,-10265,-16384
2428,6.2000,4.6000,-17.7000,-10265,-16384
2430,6.2000,4.6000,-17.7000,-10265,-16384
2431,6.2000,4.6000,-17.7000,-10265,-16384
2432,6.2000,4.6000,-17.7000,-10265,-16384
2433,6.2000,4.6000,-17.7000,-10265,-16384
2434,6.2000,4.6000,-17.7000,-10265,-16384
2435,6.2000,4.6000,-17.7000,-10265,-16384
2436,6.2000,4.6000,-17.7000,-10265,-16384
2437,6.2000,4.6000,-17.7000,-10265,-16384
2438,6.2000,4.6000,-17.7000,-10265,-16384
2440,6.2000,4.6000,-17.7000,-10265,-16384
2442,6.2000,4.6000,-17.7000,-10265,-16384
2444,6.2000,4.6000,-17.7000,-10265,-16384
2446,6.2000,4.6000,-17.7000,-10265,-16384
2447,6.2000,4.6000,-17.7000,-10265,-16384
2448,6.2000,4.6000,-17.7000,-10265,-16384
2449,6.2000,4.6000,-17.7000,-10265,-16384
2450,6.2000,4.6000,-17.7000,-10265,-16384
2451,6.2000,4.6000,-17.7000,-10265,-16384
2453,6.2000,4.6000,-17.7000,-10265,-16384
2455,6.2000,4.6000,-17.7000,-10265,-16384
2457,6.2000,4.6000,-17.7000,-10265,-16384
2459,6.2000,4.6000,-17.7000,-10265,-16384
2460,6.2000,4.6000,-17.7000,-10265,-16384
2461,6.2000,4.6000,-17.7000,-10265,-16384
2462,6.2000,4.6000,-17.7000,-10265,-16384
2463,6.2000,4.6000,-17.7000,-10265,-16384
2464,6.2000,4.6000,-17.7000,-10265,-16384
2465,6.2000,4.6000,-17.7000,-10265,-16384
2466,6.2000,4.6000,-17.7000,-10265,-16384
2468,6.2000,4.6000,-17.7000,-10265,-16384
2470,6.2000,4.6000,-17.7000,-10265,-16384
2472,6.2000,4.6000,-17.7000,-10265,-16384
